PO_ID,Payment_ID,Payment_Date,Amount_Paid,Payment_Mode
PO1496,PAY3396,2025-08-14,8631.82,Bank Transfer
PO1112,PAY1237,2025-08-08,2892.85,Card
PO1543,PAY9354,2025-08-07,2816.43,Card
PO1646,PAY2383,2025-08-16,8490.64,Bank Transfer
PO1355,PAY6578,2025-08-09,3368.31,Bank Transfer
PO1176,PAY7352,2025-08-08,1182.32,Card
PO1780,PAY1703,2025-08-13,4840.88,Bank Transfer
PO1570,PAY3528,2025-08-10,8866.32,Cheque
PO1609,PAY2053,2025-08-14,5989.46,Bank Transfer
PO1670,PAY8341,2025-08-11,8047.92,Card
PO1722,PAY8495,2025-08-12,7045.78,Card
PO1129,PAY7554,2025-08-12,7900.08,Bank Transfer
PO1071,PAY4741,2025-08-10,3921.69,Card
PO1323,PAY4297,2025-08-15,5774.04,Bank Transfer
PO1039,PAY3422,2025-08-14,8098.05,Cheque
PO1338,PAY1843,2025-08-09,1192.75,Card
PO1612,PAY8921,2025-08-16,9222.42,Bank Transfer
PO1025,PAY7728,2025-08-09,4521.9,Bank Transfer
PO1080,PAY9101,2025-08-09,2326.19,Bank Transfer
PO1048,PAY6576,2025-08-09,8817.24,Card
PO1113,PAY6766,2025-08-10,1862.44,Bank Transfer
PO1561,PAY8889,2025-08-13,2771.72,Bank Transfer
PO1218,PAY6809,2025-08-10,3428.33,Cheque
PO1090,PAY8861,2025-08-09,5209.88,Cheque
PO1462,PAY7584,2025-08-16,2145.12,Card
PO1247,PAY3890,2025-08-14,3824.39,Card
PO1147,PAY5335,2025-08-11,5463.76,Bank Transfer
PO1269,PAY2072,2025-08-16,6364.6,Bank Transfer
PO1460,PAY3440,2025-08-16,1561.3,Bank Transfer
PO1788,PAY7003,2025-08-16,4589.73,Cheque
PO1262,PAY6857,2025-08-08,9136.57,Card
PO1401,PAY1057,2025-08-15,1963.04,Cheque
PO1137,PAY3735,2025-08-11,9569.89,Cheque
PO1001,PAY7843,2025-08-08,3881.22,Bank Transfer
PO1054,PAY8203,2025-08-12,3522.76,Card
PO1465,PAY4445,2025-08-14,2526.04,Card
PO1043,PAY7381,2025-08-16,1338.36,Card
PO1109,PAY8068,2025-08-14,4941.16,Bank Transfer
PO1750,PAY7981,2025-08-09,2988.39,Bank Transfer
PO1513,PAY7363,2025-08-09,2529.74,Card
PO1227,PAY8548,2025-08-10,7704.68,Card
PO1317,PAY2593,2025-08-12,7952.37,Bank Transfer
PO1708,PAY4404,2025-08-16,6107.93,Bank Transfer
PO1292,PAY3977,2025-08-15,5677.52,Bank Transfer
PO1270,PAY8818,2025-08-13,8293.88,Cheque
PO1272,PAY4646,2025-08-13,2544.54,Bank Transfer
PO1790,PAY6701,2025-08-14,8843.89,Bank Transfer
PO1343,PAY9874,2025-08-08,5536.52,Card
PO1386,PAY6122,2025-08-13,5553.72,Card
PO1055,PAY5596,2025-08-09,1652.78,Bank Transfer
PO1031,PAY4681,2025-08-15,4163.16,Card
PO1385,PAY2975,2025-08-08,9886.21,Cheque
PO1204,PAY1401,2025-08-10,3499.59,Card
PO1436,PAY8793,2025-08-16,8722.18,Bank Transfer
PO1718,PAY3165,2025-08-07,5158.49,Card
PO1165,PAY1496,2025-08-10,3158.4,Cheque
PO1160,PAY4651,2025-08-14,1499.21,Bank Transfer
PO1055,PAY5485,2025-08-09,8628.17,Card
PO1218,PAY8700,2025-08-14,3332.69,Card
PO1546,PAY8109,2025-08-14,6040.64,Cheque
PO1227,PAY4362,2025-08-14,6625.19,Bank Transfer
PO1125,PAY8589,2025-08-15,9097.05,Cheque
PO1625,PAY5651,2025-08-08,4382.76,Card
PO1596,PAY7740,2025-08-07,5239.33,Cheque
PO1703,PAY1035,2025-08-11,3104.23,Bank Transfer
PO1359,PAY8460,2025-08-13,8930.88,Card
PO1762,PAY2268,2025-08-14,2912.7,Bank Transfer
PO1785,PAY2925,2025-08-07,8959.55,Bank Transfer
PO1596,PAY7903,2025-08-09,2786.43,Cheque
PO1231,PAY8470,2025-08-10,3178.19,Card
PO1639,PAY7492,2025-08-09,6334.8,Cheque
PO1254,PAY1086,2025-08-11,5230.75,Bank Transfer
PO1215,PAY2474,2025-08-12,1394.68,Bank Transfer
PO1667,PAY9659,2025-08-07,5957.35,Card
PO1373,PAY8693,2025-08-07,2193.92,Bank Transfer
PO1359,PAY1033,2025-08-14,9752.41,Bank Transfer
PO1349,PAY8882,2025-08-11,8875.95,Cheque
PO1437,PAY1857,2025-08-07,5743.96,Cheque
PO1125,PAY6687,2025-08-14,5982.86,Card
PO1120,PAY5478,2025-08-13,5330.29,Cheque
PO1245,PAY1234,2025-08-13,2335.91,Cheque
PO1801,PAY4028,2025-08-09,3022.72,Bank Transfer
PO1755,PAY3326,2025-08-12,9325.92,Bank Transfer
PO1243,PAY8462,2025-08-08,7677.0,Card
PO1150,PAY8574,2025-08-09,4508.66,Bank Transfer
PO1351,PAY4168,2025-08-11,8708.24,Cheque
PO1116,PAY8691,2025-08-16,3229.11,Card
PO1657,PAY1915,2025-08-15,8176.17,Card
PO1019,PAY6538,2025-08-14,2542.16,Card
PO1071,PAY2999,2025-08-08,3032.1,Bank Transfer
PO1264,PAY7776,2025-08-15,5294.31,Bank Transfer
PO1043,PAY8748,2025-08-12,1136.19,Cheque
PO1694,PAY2887,2025-08-13,9120.73,Bank Transfer
PO1462,PAY1962,2025-08-13,1234.89,Cheque
PO1357,PAY9783,2025-08-11,3298.5,Cheque
PO1129,PAY3316,2025-08-15,2712.02,Bank Transfer
PO1162,PAY7117,2025-08-13,4149.89,Card
PO1784,PAY6154,2025-08-15,3585.05,Bank Transfer
PO1661,PAY5621,2025-08-11,7179.68,Bank Transfer
PO1077,PAY6338,2025-08-08,7295.96,Bank Transfer
PO1384,PAY4057,2025-08-13,9810.57,Cheque
PO1187,PAY8476,2025-08-11,8159.14,Bank Transfer
PO1458,PAY6272,2025-08-13,3108.03,Bank Transfer
PO1581,PAY1837,2025-08-08,7318.22,Cheque
PO1548,PAY1281,2025-08-16,9645.21,Cheque
PO1379,PAY7987,2025-08-07,2743.14,Cheque
PO1137,PAY9498,2025-08-15,1950.23,Cheque
PO1078,PAY9782,2025-08-11,6144.41,Card
PO1594,PAY8578,2025-08-12,7867.05,Bank Transfer
PO1672,PAY3089,2025-08-08,9462.96,Card
PO1055,PAY2805,2025-08-11,8868.74,Bank Transfer
PO1404,PAY2935,2025-08-07,9248.11,Card
PO1214,PAY4996,2025-08-12,6494.55,Card
PO1508,PAY7399,2025-08-08,3568.56,Card
PO1136,PAY6140,2025-08-08,4040.98,Cheque
PO1045,PAY1478,2025-08-12,4488.06,Bank Transfer
PO1790,PAY5688,2025-08-09,9916.83,Bank Transfer
PO1795,PAY8497,2025-08-11,4410.93,Bank Transfer
PO1059,PAY1317,2025-08-12,2889.64,Bank Transfer
PO1646,PAY6772,2025-08-14,4569.25,Cheque
PO1288,PAY4290,2025-08-09,6042.29,Cheque
PO1112,PAY2288,2025-08-09,3384.82,Bank Transfer
PO1646,PAY8995,2025-08-16,7928.07,Bank Transfer
PO1672,PAY9040,2025-08-08,3905.74,Card
PO1552,PAY6849,2025-08-14,8649.08,Bank Transfer
PO1795,PAY4478,2025-08-11,9015.68,Cheque
PO1671,PAY9682,2025-08-15,1589.47,Cheque
PO1794,PAY6833,2025-08-08,2716.8,Card
PO1173,PAY4018,2025-08-12,3273.26,Card
PO1663,PAY1872,2025-08-12,3855.22,Card
PO1804,PAY8650,2025-08-12,2322.48,Bank Transfer
PO1729,PAY7923,2025-08-11,4689.96,Card
PO1433,PAY3744,2025-08-10,5935.0,Bank Transfer
PO1167,PAY2077,2025-08-16,9100.84,Cheque
PO1524,PAY5145,2025-08-13,9329.78,Bank Transfer
PO1088,PAY1061,2025-08-09,2644.81,Card
PO1468,PAY8732,2025-08-16,5301.01,Cheque
PO1678,PAY6121,2025-08-08,6200.16,Bank Transfer
PO1274,PAY9417,2025-08-13,9848.82,Cheque
PO1180,PAY4072,2025-08-13,8937.63,Bank Transfer
PO1026,PAY1625,2025-08-15,8716.62,Bank Transfer
PO1529,PAY7556,2025-08-14,6880.14,Cheque
PO1630,PAY6635,2025-08-10,1476.12,Cheque
PO1443,PAY9397,2025-08-13,8329.22,Bank Transfer
PO1417,PAY6865,2025-08-14,8337.08,Cheque
PO1100,PAY2040,2025-08-14,8146.61,Bank Transfer
PO1370,PAY9162,2025-08-13,7638.83,Cheque
PO1508,PAY5553,2025-08-15,1838.06,Cheque
PO1388,PAY5254,2025-08-09,3400.1,Card
PO1655,PAY9877,2025-08-16,6963.16,Card
PO1304,PAY8277,2025-08-15,6835.07,Bank Transfer
PO1311,PAY9821,2025-08-10,8241.17,Cheque
PO1055,PAY1612,2025-08-12,5891.7,Cheque
PO1605,PAY4597,2025-08-10,4038.4,Bank Transfer
PO1377,PAY3351,2025-08-09,8032.05,Cheque
PO1759,PAY8160,2025-08-11,6504.36,Cheque
PO1654,PAY3498,2025-08-15,1621.76,Card
PO1180,PAY3763,2025-08-16,5683.67,Bank Transfer
PO1289,PAY1369,2025-08-10,7073.98,Card
PO1763,PAY5494,2025-08-16,6448.72,Bank Transfer
PO1241,PAY7568,2025-08-10,9942.65,Card
PO1232,PAY4130,2025-08-11,4134.07,Bank Transfer
PO1360,PAY6826,2025-08-13,2124.73,Card
PO1154,PAY6854,2025-08-07,6203.02,Card
PO1098,PAY7778,2025-08-12,2716.92,Cheque
PO1751,PAY1408,2025-08-08,3127.83,Bank Transfer
PO1479,PAY4988,2025-08-08,9246.7,Cheque
PO1291,PAY6695,2025-08-16,5414.04,Cheque
PO1242,PAY2198,2025-08-12,6103.26,Bank Transfer
PO1127,PAY9746,2025-08-16,4693.47,Bank Transfer
PO1691,PAY7128,2025-08-12,3486.31,Card
PO1168,PAY7479,2025-08-13,4883.67,Bank Transfer
PO1739,PAY6817,2025-08-16,9704.0,Cheque
PO1675,PAY5035,2025-08-07,2770.46,Card
PO1309,PAY8919,2025-08-14,6452.19,Cheque
PO1626,PAY6172,2025-08-12,7718.78,Cheque
PO1118,PAY5700,2025-08-12,9807.19,Bank Transfer
PO1447,PAY8361,2025-08-12,3993.83,Bank Transfer
PO1247,PAY2095,2025-08-14,3766.32,Cheque
PO1368,PAY9276,2025-08-10,9095.85,Card
PO1568,PAY3797,2025-08-10,3772.15,Bank Transfer
PO1237,PAY6366,2025-08-15,6981.61,Card
PO1659,PAY9512,2025-08-15,9292.84,Cheque
PO1007,PAY6964,2025-08-10,3528.24,Card
PO1661,PAY9375,2025-08-07,8492.93,Cheque
PO1389,PAY9175,2025-08-14,1211.17,Cheque
PO1418,PAY6514,2025-08-07,6251.66,Bank Transfer
PO1433,PAY9744,2025-08-16,5316.23,Card
PO1643,PAY4852,2025-08-13,3261.78,Bank Transfer
PO1319,PAY2479,2025-08-10,9750.11,Card
PO1338,PAY8768,2025-08-07,9492.48,Bank Transfer
PO1506,PAY1268,2025-08-07,9327.92,Card
PO1585,PAY3803,2025-08-10,2420.47,Cheque
PO1501,PAY7357,2025-08-13,4688.92,Cheque
PO1573,PAY4160,2025-08-15,9963.6,Bank Transfer
PO1338,PAY7703,2025-08-14,3210.3,Cheque
PO1078,PAY6184,2025-08-11,2943.12,Bank Transfer
PO1378,PAY4796,2025-08-11,7638.79,Bank Transfer
PO1326,PAY7660,2025-08-16,6883.21,Card
PO1572,PAY2127,2025-08-11,1472.07,Bank Transfer
PO1539,PAY7720,2025-08-14,5146.92,Cheque
PO1673,PAY6737,2025-08-15,3472.46,Cheque
PO1383,PAY7626,2025-08-14,6300.81,Bank Transfer
PO1091,PAY6927,2025-08-11,5839.58,Bank Transfer
PO1772,PAY7121,2025-08-11,4223.85,Bank Transfer
PO1347,PAY7914,2025-08-07,7071.3,Bank Transfer
PO1287,PAY9121,2025-08-16,1424.07,Cheque
PO1021,PAY1929,2025-08-10,4253.39,Bank Transfer
PO1043,PAY1947,2025-08-09,5947.52,Bank Transfer
PO1568,PAY8041,2025-08-09,4721.28,Cheque
PO1038,PAY5900,2025-08-09,6834.49,Card
PO1665,PAY8777,2025-08-11,8014.55,Card
PO1518,PAY5422,2025-08-14,3699.63,Cheque
PO1105,PAY4899,2025-08-11,6247.38,Bank Transfer
PO1753,PAY9941,2025-08-11,8348.0,Cheque
PO1121,PAY2891,2025-08-08,3895.05,Cheque
PO1655,PAY1216,2025-08-15,5229.75,Card
PO1099,PAY7774,2025-08-10,7117.1,Bank Transfer
PO1153,PAY2901,2025-08-12,6181.18,Cheque
PO1720,PAY5846,2025-08-16,2446.57,Card
PO1133,PAY8756,2025-08-11,9912.06,Cheque
PO1685,PAY7043,2025-08-08,5647.81,Cheque
PO1161,PAY8217,2025-08-13,1557.84,Cheque
PO1369,PAY4007,2025-08-09,1206.78,Cheque
PO1083,PAY2945,2025-08-13,1046.1,Bank Transfer
PO1782,PAY6396,2025-08-13,8798.39,Bank Transfer
PO1292,PAY4215,2025-08-13,7250.4,Card
PO1624,PAY6299,2025-08-15,2598.22,Cheque
PO1645,PAY7039,2025-08-07,1890.74,Cheque
PO1672,PAY5631,2025-08-13,6099.52,Bank Transfer
PO1771,PAY1647,2025-08-14,2243.0,Cheque
PO1326,PAY9172,2025-08-11,1899.12,Cheque
PO1805,PAY5493,2025-08-15,4013.47,Card
PO1336,PAY7236,2025-08-10,9019.68,Card
PO1639,PAY5544,2025-08-11,1690.3,Cheque
PO1129,PAY3248,2025-08-13,6314.42,Cheque
PO1401,PAY8051,2025-08-15,6071.23,Card
PO1169,PAY3693,2025-08-14,1061.21,Cheque
PO1061,PAY8141,2025-08-08,6363.08,Cheque
PO1400,PAY2785,2025-08-07,1952.69,Cheque
PO1523,PAY2290,2025-08-12,1867.85,Bank Transfer
PO1237,PAY1870,2025-08-16,6461.85,Bank Transfer
PO1412,PAY4350,2025-08-11,7422.73,Card
PO1697,PAY7044,2025-08-12,5761.54,Card
PO1164,PAY1900,2025-08-16,3565.28,Card
PO1412,PAY7147,2025-08-07,3523.48,Bank Transfer
PO1633,PAY1667,2025-08-16,4237.57,Cheque
PO1609,PAY5995,2025-08-13,2674.43,Bank Transfer
PO1298,PAY1231,2025-08-14,9424.49,Bank Transfer
PO1371,PAY4946,2025-08-12,3822.22,Bank Transfer
PO1706,PAY3674,2025-08-14,9833.88,Bank Transfer
PO1018,PAY7210,2025-08-11,4782.79,Card
PO1459,PAY6531,2025-08-09,9056.31,Card
PO1268,PAY2904,2025-08-13,3773.48,Card
PO1081,PAY9644,2025-08-09,3586.33,Cheque
PO1213,PAY9176,2025-08-11,7475.9,Card
PO1052,PAY8899,2025-08-16,2237.64,Card
PO1751,PAY8594,2025-08-16,5710.23,Card
PO1746,PAY7769,2025-08-13,1802.23,Bank Transfer
PO1739,PAY7449,2025-08-07,4051.25,Card
PO1603,PAY8732,2025-08-08,7652.77,Card
PO1462,PAY6334,2025-08-14,7234.78,Card
PO1530,PAY5055,2025-08-15,7134.99,Card
PO1671,PAY3431,2025-08-16,2693.21,Bank Transfer
PO1155,PAY2443,2025-08-14,8183.44,Cheque
PO1235,PAY4138,2025-08-13,3350.23,Cheque
PO1037,PAY4573,2025-08-10,2877.91,Bank Transfer
PO1633,PAY9548,2025-08-15,4431.15,Bank Transfer
PO1466,PAY9690,2025-08-10,1702.15,Bank Transfer
PO1796,PAY6583,2025-08-09,2590.75,Card
PO1093,PAY4419,2025-08-08,7087.97,Bank Transfer
PO1744,PAY6437,2025-08-10,4374.86,Card
PO1466,PAY4833,2025-08-11,3006.29,Card
PO1431,PAY4481,2025-08-12,1868.39,Cheque
PO1463,PAY7379,2025-08-16,1821.78,Card
PO1585,PAY6895,2025-08-16,7405.64,Bank Transfer
PO1017,PAY6873,2025-08-15,3874.74,Card
PO1506,PAY5825,2025-08-10,7031.89,Card
PO1273,PAY5366,2025-08-11,4507.14,Bank Transfer
PO1712,PAY7543,2025-08-11,5442.61,Bank Transfer
PO1418,PAY9791,2025-08-11,1812.47,Card
PO1772,PAY9620,2025-08-13,1862.37,Cheque
PO1563,PAY4398,2025-08-14,7678.54,Cheque
PO1161,PAY1301,2025-08-13,1255.9,Cheque
PO1807,PAY2125,2025-08-07,2615.33,Card
PO1271,PAY2657,2025-08-13,6010.12,Cheque
PO1371,PAY5605,2025-08-11,9905.76,Cheque
PO1260,PAY2761,2025-08-11,1314.56,Bank Transfer
PO1511,PAY6690,2025-08-11,8676.73,Cheque
PO1066,PAY8800,2025-08-15,3509.07,Card
PO1494,PAY9559,2025-08-07,5268.56,Card
PO1703,PAY8044,2025-08-07,4380.2,Cheque
PO1051,PAY1153,2025-08-13,5849.55,Card
PO1710,PAY3264,2025-08-13,4456.66,Cheque
PO1357,PAY2934,2025-08-14,7769.37,Cheque
PO1040,PAY8456,2025-08-08,2161.31,Cheque
PO1766,PAY4289,2025-08-09,6647.24,Bank Transfer
PO1683,PAY3144,2025-08-12,8879.92,Cheque
PO1716,PAY1825,2025-08-15,4297.55,Bank Transfer
PO1741,PAY4038,2025-08-13,3213.61,Bank Transfer
PO1641,PAY7905,2025-08-11,7799.67,Cheque
PO1770,PAY5474,2025-08-12,8125.66,Card
PO1472,PAY1302,2025-08-10,3605.05,Cheque
PO1167,PAY9668,2025-08-09,8945.84,Bank Transfer
PO1759,PAY9836,2025-08-16,8215.55,Card
PO1367,PAY4227,2025-08-08,3643.79,Card
PO1468,PAY2913,2025-08-13,6433.54,Card
PO1599,PAY6118,2025-08-16,9744.19,Cheque
PO1065,PAY2570,2025-08-10,7028.48,Card
PO1445,PAY5058,2025-08-16,5554.85,Cheque
PO1649,PAY1534,2025-08-08,1756.57,Cheque
PO1771,PAY1332,2025-08-13,6004.78,Cheque
PO1801,PAY8646,2025-08-16,3298.48,Cheque
PO1687,PAY3745,2025-08-08,6340.66,Card
PO1782,PAY4279,2025-08-11,9716.07,Card
PO1437,PAY9840,2025-08-11,7728.54,Bank Transfer
PO1400,PAY5683,2025-08-12,2572.59,Bank Transfer
PO1481,PAY4716,2025-08-16,7403.32,Cheque
PO1659,PAY6036,2025-08-13,9700.51,Card
PO1650,PAY1171,2025-08-16,9002.49,Cheque
PO1037,PAY3613,2025-08-13,9764.97,Cheque
PO1006,PAY9542,2025-08-16,4747.65,Bank Transfer
PO1344,PAY4078,2025-08-15,1607.57,Cheque
PO1607,PAY2307,2025-08-14,3669.83,Card
PO1750,PAY7143,2025-08-12,5796.11,Bank Transfer
PO1156,PAY9592,2025-08-11,1685.84,Bank Transfer
PO1566,PAY7643,2025-08-09,8627.02,Cheque
PO1769,PAY3223,2025-08-16,6635.49,Bank Transfer
PO1031,PAY3144,2025-08-11,8262.96,Card
PO1090,PAY8746,2025-08-16,9638.43,Card
PO1237,PAY3779,2025-08-12,7043.8,Card
PO1375,PAY9185,2025-08-09,8464.59,Bank Transfer
PO1594,PAY5194,2025-08-12,6235.92,Cheque
PO1075,PAY8879,2025-08-09,7528.54,Card
PO1574,PAY6196,2025-08-07,5367.64,Card
PO1274,PAY5878,2025-08-09,3757.04,Cheque
PO1141,PAY1409,2025-08-13,6998.9,Cheque
PO1115,PAY4541,2025-08-10,4601.9,Cheque
PO1450,PAY3717,2025-08-12,1930.89,Cheque
PO1124,PAY4323,2025-08-09,1673.35,Card
PO1561,PAY7176,2025-08-07,7497.27,Bank Transfer
PO1219,PAY3267,2025-08-15,6406.92,Cheque
PO1671,PAY5680,2025-08-15,8727.92,Cheque
PO1078,PAY1253,2025-08-12,1688.4,Bank Transfer
PO1214,PAY5426,2025-08-15,5716.16,Cheque
PO1685,PAY6007,2025-08-13,1659.46,Cheque
PO1067,PAY1095,2025-08-15,6819.49,Bank Transfer
PO1016,PAY9513,2025-08-09,9943.41,Cheque
PO1493,PAY7662,2025-08-07,9349.77,Card
PO1038,PAY5431,2025-08-16,2840.06,Card
PO1313,PAY1825,2025-08-09,1116.47,Bank Transfer
PO1382,PAY5119,2025-08-10,6138.04,Card
PO1450,PAY4138,2025-08-08,8864.04,Cheque
PO1225,PAY2780,2025-08-14,7829.18,Card
PO1130,PAY6751,2025-08-07,2887.34,Bank Transfer
PO1800,PAY5859,2025-08-08,1791.69,Card
PO1764,PAY4940,2025-08-09,2898.82,Bank Transfer
PO1383,PAY1743,2025-08-07,4933.75,Bank Transfer
PO1311,PAY4889,2025-08-07,9202.07,Card
PO1610,PAY5472,2025-08-14,4628.07,Bank Transfer
PO1407,PAY4134,2025-08-08,3446.28,Bank Transfer
PO1666,PAY8385,2025-08-10,8646.42,Cheque
PO1111,PAY7522,2025-08-13,2955.85,Bank Transfer
PO1668,PAY7694,2025-08-08,4391.84,Card
PO1738,PAY6862,2025-08-07,7027.59,Bank Transfer
PO1531,PAY2448,2025-08-11,7320.99,Card
PO1127,PAY1673,2025-08-11,9012.15,Card
PO1092,PAY7610,2025-08-12,3109.6,Card
PO1446,PAY5762,2025-08-11,9877.18,Card
PO1585,PAY1733,2025-08-10,3314.02,Bank Transfer
PO1559,PAY3836,2025-08-09,1160.74,Card
PO1328,PAY9133,2025-08-08,5554.63,Bank Transfer
PO1515,PAY6335,2025-08-12,5282.78,Bank Transfer
PO1393,PAY1711,2025-08-07,2540.22,Bank Transfer
PO1160,PAY1766,2025-08-07,7564.43,Cheque
PO1326,PAY4878,2025-08-07,1298.13,Cheque
PO1655,PAY6666,2025-08-11,8440.1,Cheque
PO1556,PAY5405,2025-08-07,6945.34,Cheque
PO1631,PAY6221,2025-08-08,8269.64,Bank Transfer
PO1474,PAY4448,2025-08-14,8459.39,Bank Transfer
PO1044,PAY8514,2025-08-10,2231.46,Bank Transfer
PO1007,PAY3638,2025-08-12,8941.88,Bank Transfer
PO1743,PAY6342,2025-08-07,4726.35,Bank Transfer
PO1718,PAY3171,2025-08-13,1016.21,Bank Transfer
PO1731,PAY9543,2025-08-14,4216.04,Cheque
PO1345,PAY6267,2025-08-09,6467.77,Cheque
PO1385,PAY3592,2025-08-08,6151.77,Cheque
PO1779,PAY3480,2025-08-08,3888.99,Bank Transfer
PO1000,PAY3681,2025-08-07,7731.29,Bank Transfer
PO1795,PAY8209,2025-08-09,8093.19,Bank Transfer
PO1156,PAY4672,2025-08-15,2505.7,Cheque
PO1207,PAY4307,2025-08-10,4974.28,Card
PO1788,PAY7875,2025-08-07,8830.34,Cheque
PO1608,PAY8587,2025-08-11,6461.19,Card
PO1319,PAY1167,2025-08-10,8783.47,Cheque
PO1296,PAY1908,2025-08-14,4414.01,Bank Transfer
PO1420,PAY4780,2025-08-08,6544.38,Bank Transfer
PO1571,PAY3288,2025-08-10,6844.07,Cheque
PO1524,PAY1225,2025-08-16,9634.29,Bank Transfer
PO1684,PAY5974,2025-08-16,3864.37,Cheque
PO1072,PAY5237,2025-08-07,4991.28,Card
PO1793,PAY1925,2025-08-16,7828.0,Card
PO1314,PAY5687,2025-08-12,8134.47,Cheque
PO1646,PAY7931,2025-08-13,5430.15,Card
PO1288,PAY5657,2025-08-12,8874.78,Bank Transfer
PO1259,PAY6632,2025-08-14,5103.33,Card
PO1071,PAY5200,2025-08-11,5050.6,Cheque
PO1607,PAY5062,2025-08-10,7064.24,Card
PO1672,PAY3577,2025-08-14,8896.29,Bank Transfer
PO1683,PAY3280,2025-08-12,7410.37,Card
PO1314,PAY3227,2025-08-13,5809.18,Card
PO1574,PAY3443,2025-08-09,6878.8,Card
PO1475,PAY3667,2025-08-13,5405.72,Card
PO1267,PAY9704,2025-08-13,5089.33,Bank Transfer
PO1260,PAY9864,2025-08-08,5470.43,Bank Transfer
PO1122,PAY7506,2025-08-09,4997.88,Card
PO1050,PAY2349,2025-08-15,6505.87,Cheque
PO1196,PAY5365,2025-08-16,2509.06,Card
PO1086,PAY5592,2025-08-10,1915.87,Card
PO1645,PAY4078,2025-08-10,6455.6,Cheque
PO1423,PAY6138,2025-08-13,7501.1,Bank Transfer
PO1206,PAY3496,2025-08-14,4477.26,Card
PO1319,PAY3661,2025-08-10,4179.4,Bank Transfer
PO1525,PAY8842,2025-08-13,7481.28,Bank Transfer
PO1496,PAY1281,2025-08-14,5102.32,Cheque
PO1661,PAY4499,2025-08-10,4482.22,Card
PO1178,PAY9668,2025-08-09,1139.41,Cheque
PO1307,PAY9650,2025-08-12,9619.05,Card
PO1436,PAY4708,2025-08-16,5733.45,Card
PO1587,PAY1091,2025-08-13,6693.23,Card
PO1374,PAY3910,2025-08-16,4142.86,Card
PO1724,PAY4392,2025-08-11,3186.45,Bank Transfer
PO1687,PAY5548,2025-08-15,7320.21,Cheque
PO1362,PAY2217,2025-08-12,4246.91,Card
PO1149,PAY7297,2025-08-12,4128.71,Cheque
PO1271,PAY1359,2025-08-12,3766.17,Bank Transfer
PO1749,PAY4451,2025-08-13,9851.46,Card
PO1783,PAY6897,2025-08-13,4127.86,Bank Transfer
PO1431,PAY3332,2025-08-07,2568.55,Bank Transfer
PO1718,PAY9500,2025-08-14,3973.67,Card
PO1191,PAY8581,2025-08-13,6671.57,Cheque
PO1473,PAY7123,2025-08-12,5429.31,Card
PO1493,PAY4829,2025-08-11,2386.83,Cheque
PO1580,PAY9893,2025-08-13,7788.24,Bank Transfer
PO1666,PAY2947,2025-08-07,4582.42,Cheque
PO1384,PAY9519,2025-08-14,5600.51,Cheque
PO1237,PAY5868,2025-08-09,5833.74,Card
PO1051,PAY8160,2025-08-15,4469.53,Bank Transfer
PO1314,PAY4840,2025-08-15,9960.6,Bank Transfer
PO1602,PAY9928,2025-08-07,6931.78,Bank Transfer
PO1646,PAY1606,2025-08-14,6307.1,Bank Transfer
PO1593,PAY1017,2025-08-07,5747.56,Cheque
PO1413,PAY9969,2025-08-16,7926.65,Cheque
PO1492,PAY6348,2025-08-08,7609.77,Cheque
PO1795,PAY1796,2025-08-10,6486.56,Card
PO1643,PAY7833,2025-08-08,5664.7,Cheque
PO1705,PAY7252,2025-08-16,3344.14,Bank Transfer
PO1446,PAY8722,2025-08-14,6497.87,Cheque
PO1379,PAY8163,2025-08-10,4267.76,Cheque
PO1438,PAY2182,2025-08-13,5786.07,Bank Transfer
PO1396,PAY7898,2025-08-07,1627.9,Cheque
PO1680,PAY2880,2025-08-10,3799.84,Card
PO1643,PAY8730,2025-08-12,6250.68,Bank Transfer
PO1533,PAY7729,2025-08-15,2910.81,Bank Transfer
PO1420,PAY3615,2025-08-13,8005.25,Card
PO1592,PAY3466,2025-08-13,4163.82,Bank Transfer
PO1047,PAY6461,2025-08-07,8330.99,Bank Transfer
PO1262,PAY1765,2025-08-16,1100.36,Cheque
PO1745,PAY9980,2025-08-10,9692.53,Card
PO1532,PAY9817,2025-08-16,7158.93,Card
PO1710,PAY6166,2025-08-07,9115.82,Bank Transfer
PO1474,PAY2206,2025-08-10,8608.76,Card
PO1147,PAY1758,2025-08-09,4115.8,Bank Transfer
PO1573,PAY2942,2025-08-11,1321.23,Cheque
PO1290,PAY4086,2025-08-07,2230.68,Cheque
PO1617,PAY4855,2025-08-08,4608.96,Bank Transfer
PO1632,PAY3621,2025-08-13,6788.99,Cheque
PO1149,PAY8752,2025-08-10,8150.27,Card
PO1728,PAY2431,2025-08-13,3783.64,Cheque
PO1742,PAY6750,2025-08-09,1160.24,Cheque
PO1197,PAY8629,2025-08-14,1538.44,Cheque
PO1483,PAY2127,2025-08-09,1739.12,Card
PO1621,PAY4196,2025-08-07,4338.13,Cheque
PO1155,PAY5791,2025-08-07,1107.36,Cheque
PO1100,PAY3350,2025-08-15,9600.46,Bank Transfer
PO1242,PAY8543,2025-08-12,9130.71,Card
PO1168,PAY1300,2025-08-14,3863.49,Cheque
PO1100,PAY6996,2025-08-15,5947.65,Bank Transfer
PO1537,PAY1818,2025-08-08,4657.56,Bank Transfer
PO1613,PAY4366,2025-08-15,4888.31,Card
PO1649,PAY8520,2025-08-11,5944.34,Card
PO1335,PAY7054,2025-08-08,9620.5,Card
PO1107,PAY5184,2025-08-12,5252.75,Bank Transfer
PO1282,PAY9234,2025-08-12,8359.51,Cheque
PO1106,PAY8868,2025-08-08,2181.73,Bank Transfer
PO1358,PAY9711,2025-08-11,3189.89,Bank Transfer
PO1225,PAY8245,2025-08-11,1144.27,Bank Transfer
PO1271,PAY9193,2025-08-08,6106.74,Card
PO1488,PAY7110,2025-08-13,7087.34,Card
PO1283,PAY6967,2025-08-10,4498.55,Bank Transfer
PO1641,PAY2416,2025-08-16,3641.83,Card
PO1342,PAY3829,2025-08-07,2483.7,Card
PO1266,PAY1459,2025-08-15,2888.63,Cheque
PO1028,PAY3182,2025-08-16,6303.48,Cheque
PO1152,PAY2225,2025-08-09,7043.89,Cheque
PO1387,PAY8646,2025-08-15,9732.1,Cheque
PO1064,PAY8330,2025-08-10,6501.07,Bank Transfer
PO1002,PAY4934,2025-08-08,2520.76,Cheque
PO1135,PAY2777,2025-08-09,3015.5,Bank Transfer
PO1273,PAY9897,2025-08-15,6870.72,Card
PO1515,PAY9222,2025-08-13,9916.93,Bank Transfer
PO1750,PAY1915,2025-08-08,5351.0,Card
PO1059,PAY3150,2025-08-14,5975.69,Cheque
PO1321,PAY3927,2025-08-15,9549.9,Card
PO1788,PAY2591,2025-08-09,1752.86,Bank Transfer
PO1401,PAY3169,2025-08-15,2111.15,Card
PO1438,PAY3734,2025-08-09,1052.52,Bank Transfer
PO1748,PAY2164,2025-08-11,7025.44,Cheque
PO1480,PAY4089,2025-08-12,9133.63,Cheque
PO1656,PAY8370,2025-08-11,5521.45,Bank Transfer
PO1359,PAY7280,2025-08-07,6399.01,Cheque
PO1110,PAY6117,2025-08-07,8419.98,Cheque
PO1287,PAY8428,2025-08-09,7580.73,Cheque
PO1061,PAY8228,2025-08-15,3645.63,Card
PO1371,PAY3643,2025-08-14,1841.66,Card
PO1262,PAY8660,2025-08-12,2570.43,Card
PO1647,PAY9580,2025-08-09,4817.75,Bank Transfer
PO1192,PAY6013,2025-08-11,7543.82,Card
PO1406,PAY8923,2025-08-11,5989.28,Card
PO1392,PAY3192,2025-08-14,1538.11,Bank Transfer
PO1354,PAY3087,2025-08-07,4426.62,Bank Transfer
PO1571,PAY2760,2025-08-12,1734.57,Card
PO1686,PAY7064,2025-08-12,4738.99,Cheque
PO1217,PAY3764,2025-08-08,9196.14,Bank Transfer
PO1807,PAY6206,2025-08-12,1588.09,Bank Transfer
PO1176,PAY9175,2025-08-07,8891.75,Cheque
PO1487,PAY4116,2025-08-10,1444.56,Card
PO1187,PAY2142,2025-08-14,7026.95,Bank Transfer
PO1642,PAY7206,2025-08-13,1411.71,Card
PO1604,PAY6308,2025-08-10,4347.94,Card
PO1115,PAY5659,2025-08-09,1016.19,Cheque
PO1681,PAY6568,2025-08-16,3228.38,Bank Transfer
PO1273,PAY9766,2025-08-07,5753.2,Bank Transfer
PO1756,PAY2385,2025-08-08,3688.7,Bank Transfer
PO1246,PAY6065,2025-08-13,3447.67,Cheque
PO1070,PAY9981,2025-08-08,2455.22,Cheque
PO1506,PAY9297,2025-08-12,9497.33,Card
PO1034,PAY2867,2025-08-08,8446.22,Card
PO1479,PAY9709,2025-08-10,1358.12,Card
PO1005,PAY9207,2025-08-11,8365.1,Cheque
PO1076,PAY6273,2025-08-13,1968.03,Bank Transfer
PO1455,PAY3314,2025-08-15,4543.41,Card
PO1073,PAY1193,2025-08-08,2646.94,Card
PO1062,PAY1644,2025-08-07,5050.37,Bank Transfer
PO1803,PAY7556,2025-08-13,1548.88,Card
PO1582,PAY7458,2025-08-14,9435.94,Cheque
PO1188,PAY2427,2025-08-15,5580.86,Card
PO1119,PAY4447,2025-08-08,9318.12,Cheque
PO1792,PAY4628,2025-08-11,8963.06,Cheque
PO1708,PAY3295,2025-08-15,4549.77,Card
PO1434,PAY6648,2025-08-14,6847.48,Card
PO1744,PAY8714,2025-08-07,5142.57,Bank Transfer
PO1199,PAY2190,2025-08-13,7307.86,Card
PO1205,PAY7897,2025-08-13,4932.56,Bank Transfer
PO1251,PAY3168,2025-08-11,6063.95,Card
PO1623,PAY2667,2025-08-15,5667.1,Cheque
PO1525,PAY5786,2025-08-10,1777.73,Bank Transfer
PO1694,PAY3695,2025-08-09,6079.54,Bank Transfer
PO1586,PAY8402,2025-08-14,2686.67,Bank Transfer
PO1317,PAY2319,2025-08-16,9330.51,Cheque
PO1202,PAY8108,2025-08-14,5077.34,Card
PO1684,PAY6246,2025-08-08,2219.28,Cheque
PO1045,PAY7744,2025-08-13,1150.39,Bank Transfer
PO1290,PAY8899,2025-08-13,4559.32,Bank Transfer
PO1012,PAY2497,2025-08-16,7877.57,Bank Transfer
PO1067,PAY5250,2025-08-09,4867.24,Card
PO1569,PAY2999,2025-08-12,1864.61,Card
PO1807,PAY2845,2025-08-08,2276.06,Cheque
PO1542,PAY3807,2025-08-11,4859.19,Bank Transfer
PO1388,PAY6347,2025-08-13,1544.73,Bank Transfer
PO1635,PAY2344,2025-08-12,1265.83,Card
PO1371,PAY4693,2025-08-14,2903.0,Cheque
PO1101,PAY5360,2025-08-12,1978.49,Cheque
PO1000,PAY4660,2025-08-10,9989.6,Card
PO1512,PAY2661,2025-08-09,6216.1,Bank Transfer
PO1323,PAY4476,2025-08-12,8707.2,Cheque
PO1802,PAY4589,2025-08-07,6305.26,Cheque
PO1757,PAY5445,2025-08-09,2361.28,Card
PO1576,PAY6374,2025-08-13,5102.33,Bank Transfer
PO1419,PAY7697,2025-08-15,9781.79,Bank Transfer
PO1094,PAY6671,2025-08-15,6980.05,Card
PO1443,PAY4542,2025-08-09,8893.17,Bank Transfer
PO1457,PAY3852,2025-08-13,5810.6,Card
PO1485,PAY8612,2025-08-10,3127.38,Bank Transfer
PO1055,PAY7795,2025-08-10,5571.84,Card
PO1159,PAY1530,2025-08-14,2894.51,Cheque
PO1124,PAY4956,2025-08-12,6813.06,Bank Transfer
PO1065,PAY6936,2025-08-12,6781.5,Bank Transfer
PO1559,PAY4457,2025-08-15,1848.24,Bank Transfer
PO1767,PAY1667,2025-08-07,2468.13,Bank Transfer
PO1762,PAY2777,2025-08-09,3179.03,Cheque
PO1150,PAY7393,2025-08-12,7796.11,Cheque
PO1806,PAY1629,2025-08-10,2513.25,Card
PO1446,PAY7034,2025-08-08,3103.9,Card
PO1240,PAY3136,2025-08-10,7199.97,Card
PO1114,PAY9803,2025-08-11,7390.28,Card
PO1026,PAY9089,2025-08-16,8516.45,Bank Transfer
PO1459,PAY2301,2025-08-09,2250.91,Bank Transfer
PO1668,PAY5976,2025-08-11,8502.36,Cheque
PO1660,PAY9489,2025-08-08,8852.97,Bank Transfer
PO1169,PAY4497,2025-08-12,1997.69,Cheque
PO1768,PAY8767,2025-08-14,6891.5,Bank Transfer
PO1652,PAY9491,2025-08-11,7876.53,Card
PO1431,PAY6294,2025-08-14,1397.96,Card
PO1299,PAY7283,2025-08-15,8510.79,Bank Transfer
PO1749,PAY3541,2025-08-13,1334.04,Bank Transfer
PO1646,PAY1707,2025-08-12,5543.19,Card
PO1807,PAY3686,2025-08-11,2948.45,Cheque
PO1807,PAY9051,2025-08-07,8447.35,Cheque
PO1219,PAY1267,2025-08-10,1067.78,Bank Transfer
PO1769,PAY1085,2025-08-07,9483.32,Bank Transfer
PO1407,PAY5219,2025-08-12,4908.96,Card
PO1371,PAY7700,2025-08-13,5526.83,Card
PO1294,PAY7312,2025-08-12,9449.25,Bank Transfer
PO1579,PAY9709,2025-08-10,7447.34,Card
PO1035,PAY3133,2025-08-07,2502.84,Card
PO1253,PAY5199,2025-08-13,8767.18,Card
PO1032,PAY1880,2025-08-13,4989.72,Cheque
PO1032,PAY4224,2025-08-12,7437.51,Bank Transfer
PO1743,PAY6308,2025-08-15,8996.64,Card
PO1734,PAY7371,2025-08-11,9809.35,Card
PO1654,PAY3032,2025-08-10,6100.91,Cheque
PO1363,PAY8656,2025-08-10,1921.51,Bank Transfer
PO1760,PAY5070,2025-08-08,7089.98,Card
PO1346,PAY1675,2025-08-16,2281.29,Cheque
PO1789,PAY7598,2025-08-13,7061.56,Card
PO1233,PAY4332,2025-08-09,6494.51,Cheque
PO1191,PAY8630,2025-08-07,5182.1,Bank Transfer
PO1521,PAY4810,2025-08-13,9441.45,Card
PO1287,PAY3433,2025-08-09,5376.44,Bank Transfer
PO1508,PAY2336,2025-08-07,5589.91,Bank Transfer
PO1227,PAY7874,2025-08-13,4807.76,Bank Transfer
PO1613,PAY8671,2025-08-07,8130.85,Card
PO1636,PAY3275,2025-08-16,4606.51,Cheque
PO1335,PAY4871,2025-08-11,6416.37,Bank Transfer
PO1416,PAY9022,2025-08-15,2035.15,Bank Transfer
PO1807,PAY3872,2025-08-11,5663.14,Cheque
PO1007,PAY1883,2025-08-11,3443.5,Cheque
PO1216,PAY4269,2025-08-09,7287.57,Bank Transfer
PO1731,PAY1767,2025-08-16,5486.81,Cheque
PO1060,PAY6384,2025-08-10,3900.09,Bank Transfer
PO1025,PAY6849,2025-08-12,4227.65,Bank Transfer
PO1119,PAY3020,2025-08-13,1232.27,Cheque
PO1407,PAY8034,2025-08-08,2231.92,Cheque
PO1655,PAY1146,2025-08-14,5749.38,Cheque
PO1347,PAY5818,2025-08-08,1001.55,Card
PO1661,PAY7668,2025-08-11,1916.62,Cheque
PO1561,PAY4265,2025-08-08,8642.89,Card
PO1358,PAY6804,2025-08-15,5913.58,Bank Transfer
PO1724,PAY1810,2025-08-16,1390.16,Cheque
PO1170,PAY4613,2025-08-12,1100.85,Card
PO1049,PAY7012,2025-08-10,3577.39,Cheque
PO1538,PAY9155,2025-08-12,3089.23,Card
PO1638,PAY5564,2025-08-13,6284.93,Cheque
PO1056,PAY4893,2025-08-13,9083.74,Card
PO1171,PAY6398,2025-08-16,8713.8,Card
PO1553,PAY2901,2025-08-07,6713.01,Cheque
PO1344,PAY8548,2025-08-07,7500.49,Cheque
PO1763,PAY1518,2025-08-12,6258.05,Card
PO1358,PAY6727,2025-08-14,8315.56,Card
PO1769,PAY5266,2025-08-13,6575.85,Card
PO1003,PAY2675,2025-08-15,7446.34,Cheque
PO1429,PAY9451,2025-08-12,8985.65,Cheque
PO1631,PAY9976,2025-08-11,8146.53,Card
PO1172,PAY8428,2025-08-14,7351.54,Bank Transfer
PO1486,PAY7882,2025-08-14,2972.88,Bank Transfer
PO1121,PAY4039,2025-08-16,4172.63,Card
PO1508,PAY3642,2025-08-16,1514.94,Card
PO1190,PAY2202,2025-08-13,2832.26,Bank Transfer
PO1550,PAY8030,2025-08-09,1098.26,Cheque
PO1182,PAY9176,2025-08-11,4361.94,Bank Transfer
PO1040,PAY6881,2025-08-14,5523.72,Cheque
PO1466,PAY1761,2025-08-15,4646.15,Cheque
PO1176,PAY5202,2025-08-12,6760.89,Bank Transfer
PO1266,PAY1377,2025-08-10,7058.6,Bank Transfer
PO1686,PAY9268,2025-08-07,8994.58,Bank Transfer
PO1780,PAY1133,2025-08-11,2294.12,Card
PO1502,PAY9315,2025-08-14,2258.31,Cheque
PO1183,PAY3409,2025-08-16,7067.34,Bank Transfer
PO1377,PAY2664,2025-08-11,4997.05,Bank Transfer
PO1529,PAY9484,2025-08-15,2828.44,Cheque
PO1076,PAY2717,2025-08-09,6850.67,Cheque
PO1382,PAY8494,2025-08-07,2285.5,Bank Transfer
PO1075,PAY1095,2025-08-09,3283.14,Card
PO1668,PAY4397,2025-08-15,1559.23,Card
PO1600,PAY4786,2025-08-15,3550.5,Bank Transfer
PO1298,PAY8120,2025-08-11,9297.11,Cheque
PO1258,PAY7889,2025-08-13,8306.57,Card
PO1080,PAY9880,2025-08-16,5017.4,Card
PO1676,PAY8247,2025-08-12,2172.77,Bank Transfer
PO1192,PAY6179,2025-08-12,9888.5,Cheque
PO1495,PAY7534,2025-08-16,9270.02,Card
PO1278,PAY1622,2025-08-15,9903.64,Bank Transfer
PO1775,PAY2648,2025-08-08,3358.07,Card
PO1730,PAY7344,2025-08-10,2136.7,Bank Transfer
PO1052,PAY3334,2025-08-14,3311.51,Bank Transfer
PO1043,PAY2542,2025-08-12,6153.31,Bank Transfer
PO1180,PAY6973,2025-08-11,6396.74,Card
PO1169,PAY5555,2025-08-12,5325.01,Bank Transfer
PO1732,PAY1270,2025-08-07,9238.69,Cheque
PO1290,PAY3386,2025-08-09,6555.85,Card
PO1497,PAY7065,2025-08-08,3231.86,Bank Transfer
PO1180,PAY1483,2025-08-12,5274.75,Cheque
PO1598,PAY6450,2025-08-08,2803.49,Cheque
PO1421,PAY9691,2025-08-12,3183.88,Bank Transfer
PO1156,PAY4730,2025-08-14,5614.11,Card
PO1787,PAY3261,2025-08-11,9260.02,Card
PO1590,PAY9605,2025-08-08,6765.63,Bank Transfer
PO1338,PAY3618,2025-08-08,6888.16,Card
PO1187,PAY2447,2025-08-16,7346.14,Card
PO1196,PAY1788,2025-08-16,8957.48,Bank Transfer
PO1404,PAY6995,2025-08-07,8213.95,Bank Transfer
PO1289,PAY2468,2025-08-13,7324.66,Bank Transfer
PO1431,PAY2335,2025-08-13,9544.21,Cheque
PO1390,PAY1163,2025-08-10,1134.1,Bank Transfer
PO1142,PAY7202,2025-08-12,4826.86,Card
PO1210,PAY3057,2025-08-14,7756.3,Cheque
PO1035,PAY6731,2025-08-16,8705.09,Card
PO1054,PAY5921,2025-08-16,7396.11,Cheque
PO1369,PAY9982,2025-08-14,6175.64,Card
PO1504,PAY7373,2025-08-10,1748.23,Card
PO1680,PAY9691,2025-08-07,8837.01,Bank Transfer
PO1780,PAY3111,2025-08-12,2206.87,Cheque
PO1756,PAY3395,2025-08-10,8435.2,Card
PO1604,PAY8952,2025-08-11,1542.14,Card
PO1272,PAY7800,2025-08-08,4000.08,Cheque
PO1016,PAY2238,2025-08-07,2534.89,Bank Transfer
PO1468,PAY8475,2025-08-16,5511.02,Card
PO1226,PAY5204,2025-08-12,7768.87,Card
PO1117,PAY7466,2025-08-08,4504.04,Cheque
PO1103,PAY3504,2025-08-07,2016.43,Card
PO1451,PAY6454,2025-08-13,8368.4,Bank Transfer
PO1375,PAY5917,2025-08-15,7444.21,Card
PO1751,PAY2588,2025-08-08,4761.41,Bank Transfer
PO1265,PAY9541,2025-08-14,5087.36,Bank Transfer
PO1673,PAY8811,2025-08-13,5892.62,Bank Transfer
PO1130,PAY9154,2025-08-08,2616.18,Card
PO1606,PAY5482,2025-08-07,8015.47,Card
PO1461,PAY5242,2025-08-09,1591.39,Card
PO1154,PAY6212,2025-08-10,7470.42,Card
PO1557,PAY3089,2025-08-16,8246.81,Cheque
PO1722,PAY2250,2025-08-10,7159.84,Cheque
PO1333,PAY9604,2025-08-07,5368.73,Card
PO1499,PAY5143,2025-08-12,6311.88,Bank Transfer
PO1017,PAY2623,2025-08-08,4079.65,Card
PO1329,PAY6019,2025-08-11,2076.15,Cheque
PO1397,PAY5135,2025-08-08,6115.45,Bank Transfer
PO1535,PAY2998,2025-08-16,5573.53,Card
PO1395,PAY2269,2025-08-15,5495.17,Cheque
PO1080,PAY3293,2025-08-14,5380.88,Cheque
PO1743,PAY8878,2025-08-16,4220.83,Bank Transfer
PO1033,PAY5028,2025-08-14,3073.14,Bank Transfer
PO1566,PAY2184,2025-08-10,1530.52,Cheque
PO1245,PAY9332,2025-08-07,9508.88,Bank Transfer
PO1509,PAY1382,2025-08-16,7889.94,Cheque
PO1659,PAY5368,2025-08-10,6610.29,Card
PO1053,PAY9397,2025-08-09,9227.48,Bank Transfer
PO1576,PAY3595,2025-08-08,6783.4,Cheque
PO1554,PAY5831,2025-08-15,6884.93,Card
PO1271,PAY1210,2025-08-12,8902.33,Card
PO1232,PAY1389,2025-08-09,6106.4,Card
PO1561,PAY7087,2025-08-07,8523.44,Card
PO1426,PAY5790,2025-08-09,5893.4,Bank Transfer
PO1791,PAY3861,2025-08-07,1309.88,Cheque
PO1631,PAY5056,2025-08-09,2221.67,Cheque
PO1210,PAY9845,2025-08-15,9561.32,Cheque
PO1044,PAY5541,2025-08-09,8651.6,Card
PO1805,PAY3646,2025-08-09,7490.53,Cheque
PO1368,PAY3165,2025-08-08,7913.8,Bank Transfer
PO1493,PAY9293,2025-08-08,1330.66,Cheque
PO1222,PAY9516,2025-08-15,2507.66,Card
PO1725,PAY9588,2025-08-15,6937.13,Card
PO1176,PAY3288,2025-08-08,4194.69,Bank Transfer
PO1494,PAY4373,2025-08-10,6481.79,Cheque
PO1399,PAY7830,2025-08-14,3772.91,Bank Transfer
PO1601,PAY6954,2025-08-11,8987.5,Bank Transfer
PO1175,PAY8743,2025-08-10,1720.0,Card
PO1001,PAY1342,2025-08-12,2588.67,Cheque
PO1617,PAY5225,2025-08-09,1115.23,Cheque
PO1690,PAY6268,2025-08-10,5390.51,Cheque
PO1271,PAY2310,2025-08-15,3710.54,Bank Transfer
PO1046,PAY1753,2025-08-09,7580.39,Card
PO1567,PAY8014,2025-08-16,3867.99,Card
PO1183,PAY9690,2025-08-11,3723.3,Bank Transfer
PO1406,PAY9770,2025-08-13,3485.08,Bank Transfer
PO1504,PAY4973,2025-08-12,3935.08,Bank Transfer
PO1689,PAY6741,2025-08-16,1737.69,Cheque
PO1710,PAY9033,2025-08-15,2588.48,Bank Transfer
PO1619,PAY3315,2025-08-07,9841.06,Bank Transfer
PO1429,PAY8059,2025-08-11,8584.14,Bank Transfer
PO1265,PAY1984,2025-08-09,8167.76,Card
PO1664,PAY9251,2025-08-14,4957.5,Card
PO1330,PAY9238,2025-08-12,6474.69,Cheque
PO1799,PAY6488,2025-08-10,7526.46,Cheque
PO1119,PAY9659,2025-08-12,9146.98,Card
PO1031,PAY2416,2025-08-10,5930.61,Cheque
PO1569,PAY2111,2025-08-16,8153.66,Cheque
PO1489,PAY4168,2025-08-14,1107.06,Cheque
PO1781,PAY8907,2025-08-11,9013.1,Cheque
PO1155,PAY3415,2025-08-16,8934.14,Card
PO1344,PAY5530,2025-08-13,5793.92,Bank Transfer
PO1567,PAY9607,2025-08-11,4063.25,Cheque
PO1022,PAY9290,2025-08-15,8181.6,Cheque
PO1355,PAY3167,2025-08-13,6852.71,Card
PO1765,PAY3044,2025-08-12,6546.45,Bank Transfer
PO1514,PAY2185,2025-08-11,8228.98,Cheque
PO1194,PAY9344,2025-08-08,3907.97,Card
PO1149,PAY1004,2025-08-09,2040.43,Cheque
PO1433,PAY9680,2025-08-14,9056.24,Card
PO1789,PAY9266,2025-08-11,4522.6,Card
PO1282,PAY9908,2025-08-13,1726.04,Cheque
PO1309,PAY1289,2025-08-11,1688.05,Cheque
PO1104,PAY7249,2025-08-07,9116.76,Card
PO1080,PAY1529,2025-08-08,9228.75,Card
PO1245,PAY9550,2025-08-12,9360.69,Card
PO1342,PAY2246,2025-08-16,1513.76,Cheque
PO1776,PAY9959,2025-08-07,1116.4,Cheque
PO1591,PAY1553,2025-08-13,8067.83,Bank Transfer
PO1782,PAY2704,2025-08-11,9092.71,Card
PO1669,PAY9081,2025-08-07,8104.65,Card
PO1319,PAY8932,2025-08-07,8882.58,Card
PO1151,PAY2931,2025-08-08,6096.74,Card
PO1557,PAY1828,2025-08-10,9924.1,Bank Transfer
PO1759,PAY8866,2025-08-12,5363.77,Card
PO1786,PAY8991,2025-08-12,6300.93,Cheque
PO1282,PAY6606,2025-08-16,3298.01,Cheque
PO1598,PAY8753,2025-08-08,4588.0,Card
PO1376,PAY9737,2025-08-08,8150.53,Card
PO1409,PAY2823,2025-08-08,8345.4,Card
PO1037,PAY9308,2025-08-16,2071.45,Bank Transfer
PO1063,PAY5390,2025-08-07,5352.97,Card
PO1347,PAY4873,2025-08-14,7511.07,Cheque
PO1639,PAY8686,2025-08-16,4933.65,Card
PO1695,PAY3803,2025-08-08,9378.15,Cheque
PO1035,PAY3163,2025-08-09,7091.33,Bank Transfer
PO1429,PAY4591,2025-08-15,3233.43,Card
PO1358,PAY5734,2025-08-14,6393.63,Card
PO1564,PAY3274,2025-08-16,7192.15,Cheque
PO1647,PAY7301,2025-08-07,3533.15,Bank Transfer
PO1425,PAY1658,2025-08-13,4180.64,Card
PO1174,PAY9422,2025-08-09,2790.85,Bank Transfer
PO1791,PAY9797,2025-08-08,1903.59,Cheque
PO1240,PAY5721,2025-08-07,7541.99,Card
PO1002,PAY5170,2025-08-11,8058.85,Cheque
PO1658,PAY3973,2025-08-08,6198.09,Bank Transfer
PO1476,PAY7346,2025-08-16,7862.51,Cheque
PO1593,PAY8185,2025-08-15,9437.86,Card
PO1618,PAY8189,2025-08-16,7630.84,Cheque
PO1519,PAY4345,2025-08-09,3268.5,Card
PO1104,PAY3286,2025-08-12,8233.94,Card
PO1047,PAY2979,2025-08-12,6045.25,Card
PO1090,PAY5440,2025-08-14,6322.06,Cheque
PO1637,PAY3502,2025-08-15,6840.79,Cheque
PO1211,PAY6282,2025-08-12,8708.22,Cheque
PO1781,PAY1890,2025-08-14,9675.95,Bank Transfer
PO1335,PAY5267,2025-08-08,4450.07,Bank Transfer
PO1062,PAY2290,2025-08-15,1897.36,Bank Transfer
PO1352,PAY5226,2025-08-10,8641.61,Cheque
PO1403,PAY3007,2025-08-13,3668.62,Cheque
PO1062,PAY3408,2025-08-12,9630.73,Bank Transfer
PO1236,PAY5726,2025-08-15,1802.18,Card
PO1348,PAY4977,2025-08-13,3349.23,Cheque
PO1596,PAY4850,2025-08-09,3755.55,Bank Transfer
PO1352,PAY2123,2025-08-11,4967.81,Bank Transfer
PO1360,PAY4148,2025-08-15,6962.74,Cheque
PO1540,PAY7611,2025-08-14,2943.26,Card
PO1714,PAY1285,2025-08-11,9021.6,Bank Transfer
PO1067,PAY7653,2025-08-16,7637.79,Bank Transfer
PO1693,PAY1560,2025-08-08,6377.97,Cheque
PO1457,PAY9470,2025-08-08,9210.39,Card
PO1044,PAY1351,2025-08-15,9589.53,Bank Transfer
PO1776,PAY6550,2025-08-11,3255.48,Bank Transfer
PO1132,PAY6268,2025-08-07,6895.28,Cheque
PO1231,PAY3942,2025-08-08,1438.89,Card
PO1490,PAY4434,2025-08-13,8091.13,Card
PO1326,PAY5741,2025-08-13,3594.51,Cheque
PO1636,PAY1818,2025-08-10,6767.09,Card
PO1376,PAY3543,2025-08-08,7068.03,Cheque
PO1004,PAY6563,2025-08-13,6370.49,Cheque
PO1221,PAY1316,2025-08-16,2980.66,Card
PO1478,PAY5202,2025-08-07,4595.84,Bank Transfer
PO1007,PAY1418,2025-08-12,5825.27,Bank Transfer
PO1638,PAY1494,2025-08-16,8310.59,Card
PO1722,PAY3862,2025-08-15,8016.73,Card
PO1413,PAY2903,2025-08-11,4671.01,Cheque
PO1312,PAY9768,2025-08-16,8653.19,Bank Transfer
PO1533,PAY2808,2025-08-07,2178.45,Bank Transfer
PO1044,PAY8138,2025-08-09,9535.44,Bank Transfer
PO1428,PAY1496,2025-08-07,7063.4,Card
PO1678,PAY7425,2025-08-12,4800.05,Bank Transfer
PO1293,PAY4978,2025-08-11,3987.77,Bank Transfer
PO1703,PAY1587,2025-08-08,1766.49,Cheque
PO1646,PAY6080,2025-08-13,6627.26,Bank Transfer
PO1499,PAY6589,2025-08-12,7882.57,Bank Transfer
PO1672,PAY9413,2025-08-11,9024.14,Bank Transfer
PO1157,PAY3266,2025-08-07,8282.3,Cheque
PO1029,PAY9266,2025-08-16,7937.63,Bank Transfer
PO1321,PAY7389,2025-08-07,3443.09,Cheque
PO1386,PAY3428,2025-08-15,2887.11,Cheque
PO1202,PAY4381,2025-08-11,7013.35,Bank Transfer
PO1394,PAY4025,2025-08-08,5657.95,Bank Transfer
PO1454,PAY5329,2025-08-11,5762.63,Cheque
PO1344,PAY4005,2025-08-13,5016.39,Bank Transfer
PO1312,PAY1888,2025-08-13,1365.39,Card
PO1273,PAY7603,2025-08-10,7848.88,Cheque
PO1316,PAY2383,2025-08-12,7853.33,Card
PO1297,PAY6621,2025-08-08,9148.05,Bank Transfer
PO1128,PAY4979,2025-08-13,2978.41,Bank Transfer
PO1392,PAY7218,2025-08-16,8531.7,Card
PO1155,PAY2838,2025-08-14,8687.93,Card
PO1467,PAY8377,2025-08-13,8586.72,Bank Transfer
PO1142,PAY1234,2025-08-11,3106.26,Card
PO1565,PAY2167,2025-08-15,2610.57,Bank Transfer
PO1360,PAY9657,2025-08-13,9779.51,Bank Transfer
PO1660,PAY1355,2025-08-07,1249.34,Card
PO1628,PAY7428,2025-08-14,6356.22,Card
PO1778,PAY5907,2025-08-08,9921.5,Card
PO1456,PAY8558,2025-08-13,2468.93,Card
PO1046,PAY1990,2025-08-09,7389.78,Bank Transfer
PO1727,PAY2711,2025-08-09,6138.75,Cheque
PO1217,PAY8352,2025-08-16,5757.11,Card
PO1470,PAY3646,2025-08-08,8835.72,Cheque
PO1476,PAY2982,2025-08-08,6499.89,Card
PO1239,PAY9441,2025-08-15,8304.08,Cheque
PO1561,PAY2454,2025-08-15,5290.89,Bank Transfer
PO1160,PAY5531,2025-08-14,3051.2,Card
PO1401,PAY9672,2025-08-08,9480.25,Cheque
PO1225,PAY7514,2025-08-12,7320.13,Card
PO1243,PAY8245,2025-08-09,9849.69,Card
PO1332,PAY3827,2025-08-11,9299.71,Bank Transfer
PO1339,PAY6807,2025-08-13,9324.02,Card
PO1481,PAY6271,2025-08-08,2807.92,Card
PO1670,PAY6653,2025-08-12,1367.08,Cheque
PO1759,PAY6784,2025-08-10,1735.65,Cheque
PO1197,PAY5307,2025-08-07,8990.1,Cheque
PO1475,PAY6543,2025-08-15,6451.36,Bank Transfer
PO1793,PAY6809,2025-08-11,4280.52,Card
PO1241,PAY4495,2025-08-07,5694.35,Card
PO1205,PAY5761,2025-08-13,2688.61,Bank Transfer
PO1607,PAY4525,2025-08-16,7318.42,Cheque
PO1194,PAY9065,2025-08-16,6587.63,Bank Transfer
PO1490,PAY3588,2025-08-08,2227.98,Bank Transfer
PO1109,PAY5788,2025-08-13,8114.64,Card
PO1717,PAY1461,2025-08-14,6568.25,Bank Transfer
PO1540,PAY6565,2025-08-10,1886.41,Card
PO1084,PAY8830,2025-08-15,1051.05,Cheque
PO1292,PAY6343,2025-08-10,3019.28,Cheque
PO1255,PAY2078,2025-08-11,4697.6,Cheque
PO1231,PAY4910,2025-08-13,1395.68,Cheque
PO1771,PAY1442,2025-08-11,5631.43,Cheque
PO1075,PAY2426,2025-08-11,6601.0,Card
PO1022,PAY2893,2025-08-10,6480.42,Card
PO1425,PAY1200,2025-08-11,4872.74,Cheque
PO1072,PAY4337,2025-08-13,7523.11,Card
PO1069,PAY5055,2025-08-09,2058.66,Cheque
PO1344,PAY3780,2025-08-07,8677.85,Bank Transfer
PO1327,PAY6789,2025-08-13,5612.48,Bank Transfer
PO1137,PAY4135,2025-08-09,4858.35,Cheque
PO1096,PAY3998,2025-08-13,3873.92,Cheque
PO1097,PAY9471,2025-08-14,6065.27,Cheque
PO1490,PAY9300,2025-08-16,3216.76,Card
PO1167,PAY8934,2025-08-09,3054.15,Card
PO1660,PAY5649,2025-08-15,7297.42,Card
PO1069,PAY1932,2025-08-09,5316.82,Card
PO1222,PAY3649,2025-08-11,5615.67,Cheque
PO1630,PAY5788,2025-08-11,7127.89,Card
PO1205,PAY2278,2025-08-15,4571.01,Bank Transfer
PO1617,PAY7809,2025-08-12,9721.65,Bank Transfer
PO1215,PAY9710,2025-08-13,1497.24,Cheque
PO1758,PAY3304,2025-08-16,1085.54,Cheque
PO1708,PAY7331,2025-08-11,7838.7,Cheque
PO1496,PAY3683,2025-08-15,2228.85,Bank Transfer
PO1061,PAY2804,2025-08-14,1558.74,Cheque
PO1437,PAY6351,2025-08-16,4188.07,Card
PO1341,PAY7784,2025-08-10,2093.86,Card
PO1764,PAY2312,2025-08-11,9609.62,Card
PO1064,PAY5602,2025-08-16,2555.08,Bank Transfer
PO1681,PAY6146,2025-08-11,7231.86,Cheque
PO1203,PAY3008,2025-08-12,7676.97,Bank Transfer
PO1471,PAY8985,2025-08-14,7974.03,Cheque
PO1113,PAY1426,2025-08-15,1874.28,Card
PO1299,PAY2084,2025-08-07,6250.65,Bank Transfer
PO1779,PAY4212,2025-08-10,7730.08,Bank Transfer
PO1114,PAY1158,2025-08-09,1132.47,Cheque
PO1351,PAY7600,2025-08-11,2834.28,Cheque
PO1034,PAY3080,2025-08-08,5281.54,Bank Transfer
PO1384,PAY1528,2025-08-07,7853.75,Cheque
PO1528,PAY8130,2025-08-15,6800.76,Card
PO1319,PAY1347,2025-08-12,3677.1,Card
PO1586,PAY1262,2025-08-15,6180.89,Cheque
