PO_ID,Vendor_ID,Item_ID,Quantity,Unit_Price,PO_Date,Delivery_Date
PO1000,V28,ITEM230,71,164.64,2025-07-01,2025-07-06
PO1001,V19,ITEM991,97,418.21,2025-06-19,2025-07-01
PO1002,V20,ITEM801,199,416.58,2025-06-14,2025-07-01
PO1003,V44,ITEM917,159,122.94,2025-07-17,2025-08-04
PO1004,V42,ITEM734,73,186.11,2025-07-10,2025-07-31
PO1005,V6,ITEM383,53,139.52,2025-06-08,2025-08-02
PO1006,V9,ITEM371,63,415.9,2025-06-25,2025-08-07
PO1007,V6,ITEM374,63,466.03,2025-06-24,2025-07-10
PO1008,V40,ITEM909,185,224.35,2025-06-18,2025-08-04
PO1009,V40,ITEM676,179,334.82,2025-07-07,2025-08-16
PO1010,V46,ITEM354,77,292.39,2025-05-29,2025-06-29
PO1011,V18,ITEM919,56,135.77,2025-06-02,2025-08-11
PO1012,V94,ITEM716,62,240.16,2025-07-13,2025-08-10
PO1013,V5,ITEM164,132,198.89,2025-07-03,2025-07-15
PO1014,V91,ITEM624,178,361.83,2025-07-08,2025-08-04
PO1015,V55,ITEM308,84,78.92,2025-06-14,2025-07-19
PO1016,V69,ITEM198,157,304.81,2025-05-31,2025-07-02
PO1017,V90,ITEM917,197,377.21,2025-07-04,2025-07-19
PO1018,V36,ITEM403,66,370.68,2025-06-19,2025-07-09
PO1019,V89,ITEM360,172,294.63,2025-05-26,2025-08-08
PO1020,V71,ITEM544,199,193.53,2025-06-27,2025-08-16
PO1021,V33,ITEM435,125,79.42,2025-07-15,2025-07-23
PO1022,V86,ITEM821,86,277.43,2025-06-02,2025-07-14
PO1023,V87,ITEM434,136,179.01,2025-06-18,2025-07-24
PO1024,V84,ITEM799,189,132.82,2025-06-15,2025-08-13
PO1025,V40,ITEM836,96,122.19,2025-05-21,2025-08-08
PO1026,V48,ITEM136,112,300.86,2025-05-29,2025-06-11
PO1027,V5,ITEM974,191,335.09,2025-05-31,2025-07-15
PO1028,V27,ITEM627,86,433.02,2025-06-22,2025-07-13
PO1029,V59,ITEM547,108,407.15,2025-05-28,2025-06-18
PO1030,V42,ITEM925,136,54.93,2025-06-29,2025-07-14
PO1031,V88,ITEM120,152,398.28,2025-06-13,2025-08-16
PO1032,V10,ITEM255,182,336.17,2025-05-31,2025-06-05
PO1033,V8,ITEM257,159,88.73,2025-06-11,2025-07-08
PO1034,V6,ITEM197,55,97.86,2025-07-07,2025-08-10
PO1035,V59,ITEM673,60,142.62,2025-06-08,2025-07-12
PO1036,V30,ITEM296,81,358.34,2025-06-02,2025-08-01
PO1037,V15,ITEM399,79,72.2,2025-05-27,2025-07-27
PO1038,V22,ITEM939,161,483.82,2025-05-25,2025-06-12
PO1039,V70,ITEM273,76,432.83,2025-07-01,2025-08-10
PO1040,V66,ITEM313,56,320.39,2025-05-29,2025-06-16
PO1041,V41,ITEM133,176,344.84,2025-05-25,2025-06-14
PO1042,V37,ITEM177,151,262.07,2025-05-26,2025-06-22
PO1043,V50,ITEM890,113,117.28,2025-06-18,2025-07-20
PO1044,V22,ITEM150,199,298.62,2025-06-29,2025-07-04
PO1045,V70,ITEM325,161,377.56,2025-06-23,2025-07-17
PO1046,V43,ITEM684,70,213.24,2025-06-25,2025-07-11
PO1047,V35,ITEM169,110,311.13,2025-06-14,2025-07-02
PO1048,V25,ITEM195,134,425.76,2025-07-09,2025-07-20
PO1049,V29,ITEM985,82,348.65,2025-06-10,2025-07-25
PO1050,V98,ITEM446,145,298.63,2025-07-07,2025-07-13
PO1051,V45,ITEM979,148,416.86,2025-06-14,2025-07-24
PO1052,V83,ITEM254,171,207.53,2025-06-08,2025-06-18
PO1053,V96,ITEM172,131,110.63,2025-06-09,2025-08-10
PO1054,V55,ITEM967,58,247.87,2025-07-09,2025-07-21
PO1055,V78,ITEM617,132,241.4,2025-07-11,2025-08-13
PO1056,V62,ITEM993,177,306.76,2025-05-20,2025-07-23
PO1057,V25,ITEM267,61,126.4,2025-05-22,2025-06-26
PO1058,V91,ITEM415,174,155.68,2025-06-21,2025-07-24
PO1059,V3,ITEM974,105,91.82,2025-05-28,2025-05-28
PO1060,V8,ITEM567,144,380.97,2025-05-30,2025-07-13
PO1061,V88,ITEM146,50,122.31,2025-05-26,2025-06-03
PO1062,V15,ITEM911,87,436.31,2025-07-13,2025-07-31
PO1063,V89,ITEM993,92,89.62,2025-06-08,2025-07-25
PO1064,V75,ITEM389,69,460.14,2025-07-09,2025-07-30
PO1065,V12,ITEM880,198,464.4,2025-07-08,2025-07-28
PO1066,V37,ITEM498,103,90.52,2025-07-07,2025-07-28
PO1067,V35,ITEM657,72,54.45,2025-07-14,2025-07-23
PO1068,V33,ITEM219,59,218.59,2025-06-27,2025-07-16
PO1069,V32,ITEM349,184,284.42,2025-06-23,2025-07-01
PO1070,V32,ITEM927,188,347.06,2025-06-23,2025-07-27
PO1071,V34,ITEM877,89,353.79,2025-05-31,2025-07-16
PO1072,V69,ITEM426,183,241.88,2025-06-09,2025-07-07
PO1073,V41,ITEM810,55,319.49,2025-07-07,2025-08-07
PO1074,V8,ITEM749,65,143.51,2025-06-03,2025-07-26
PO1075,V87,ITEM283,189,226.72,2025-06-08,2025-07-25
PO1076,V66,ITEM116,199,373.81,2025-07-01,2025-07-24
PO1077,V63,ITEM694,130,289.12,2025-07-12,2025-07-29
PO1078,V88,ITEM617,119,142.02,2025-07-17,2025-07-22
PO1079,V65,ITEM215,192,190.35,2025-06-08,2025-07-24
PO1080,V47,ITEM734,57,447.2,2025-07-17,2025-07-29
PO1081,V20,ITEM858,73,195.58,2025-06-27,2025-07-07
PO1082,V21,ITEM516,81,432.21,2025-07-12,2025-07-17
PO1083,V43,ITEM611,82,318.6,2025-07-01,2025-07-16
PO1084,V14,ITEM764,167,397.56,2025-06-03,2025-07-05
PO1085,V5,ITEM575,185,95.31,2025-06-30,2025-07-12
PO1086,V61,ITEM954,69,62.48,2025-05-25,2025-06-25
PO1087,V81,ITEM759,156,370.93,2025-07-05,2025-07-18
PO1088,V13,ITEM348,73,251.81,2025-07-14,2025-07-19
PO1089,V20,ITEM587,58,325.04,2025-06-16,2025-08-08
PO1090,V64,ITEM263,184,283.6,2025-07-05,2025-08-16
PO1091,V45,ITEM792,83,284.3,2025-06-22,2025-07-21
PO1092,V77,ITEM267,95,119.76,2025-07-08,2025-07-09
PO1093,V77,ITEM785,162,363.88,2025-06-19,2025-06-21
PO1094,V47,ITEM809,194,116.43,2025-05-28,2025-06-06
PO1095,V96,ITEM859,114,347.41,2025-06-25,2025-07-12
PO1096,V44,ITEM933,65,331.77,2025-07-13,2025-08-07
PO1097,V62,ITEM192,102,145.62,2025-05-24,2025-07-06
PO1098,V81,ITEM661,156,303.61,2025-06-12,2025-07-25
PO1099,V92,ITEM176,66,245.07,2025-06-23,2025-07-02
PO1100,V88,ITEM688,139,177.7,2025-06-09,2025-07-20
PO1101,V11,ITEM177,174,266.34,2025-06-13,2025-07-18
PO1102,V38,ITEM659,87,74.1,2025-07-04,2025-07-16
PO1103,V36,ITEM884,169,340.33,2025-06-04,2025-06-08
PO1104,V34,ITEM234,189,122.68,2025-06-19,2025-07-23
PO1105,V98,ITEM497,159,295.22,2025-05-20,2025-08-03
PO1106,V53,ITEM151,99,182.34,2025-07-03,2025-07-23
PO1107,V97,ITEM806,67,231.58,2025-06-28,2025-07-07
PO1108,V79,ITEM942,107,371.87,2025-05-30,2025-06-15
PO1109,V42,ITEM827,142,182.11,2025-06-12,2025-06-17
PO1110,V16,ITEM517,178,421.3,2025-06-26,2025-07-08
PO1111,V17,ITEM109,89,404.69,2025-06-08,2025-08-05
PO1112,V26,ITEM222,194,113.57,2025-06-21,2025-07-03
PO1113,V16,ITEM314,184,419.6,2025-05-22,2025-07-13
PO1114,V98,ITEM283,173,87.04,2025-05-27,2025-05-31
PO1115,V90,ITEM857,86,83.44,2025-06-01,2025-07-29
PO1116,V14,ITEM342,191,52.91,2025-07-04,2025-08-01
PO1117,V90,ITEM754,165,444.72,2025-07-17,2025-07-31
PO1118,V60,ITEM759,52,132.81,2025-07-14,2025-08-11
PO1119,V10,ITEM946,158,339.84,2025-06-22,2025-07-03
PO1120,V92,ITEM215,162,81.25,2025-06-16,2025-07-18
PO1121,V66,ITEM441,183,118.07,2025-06-15,2025-08-16
PO1122,V73,ITEM650,68,89.04,2025-06-10,2025-07-31
PO1123,V99,ITEM927,68,323.31,2025-06-06,2025-07-26
PO1124,V13,ITEM121,158,147.2,2025-05-21,2025-06-26
PO1125,V58,ITEM452,159,333.54,2025-06-17,2025-06-19
PO1126,V58,ITEM543,165,483.72,2025-06-18,2025-06-22
PO1127,V54,ITEM932,51,235.08,2025-05-30,2025-08-13
PO1128,V59,ITEM430,70,445.18,2025-06-17,2025-07-21
PO1129,V87,ITEM491,196,306.24,2025-06-09,2025-07-08
PO1130,V40,ITEM935,50,327.33,2025-06-01,2025-08-01
PO1131,V73,ITEM303,90,52.32,2025-07-02,2025-07-21
PO1132,V33,ITEM724,91,410.7,2025-07-10,2025-07-24
PO1133,V87,ITEM832,124,305.78,2025-05-21,2025-07-30
PO1134,V34,ITEM890,109,231.93,2025-06-04,2025-06-17
PO1135,V88,ITEM541,93,215.21,2025-07-17,2025-08-10
PO1136,V74,ITEM540,141,247.69,2025-07-11,2025-07-20
PO1137,V76,ITEM142,99,145.42,2025-07-15,2025-08-05
PO1138,V55,ITEM179,90,56.59,2025-07-08,2025-08-13
PO1139,V94,ITEM114,84,135.91,2025-06-09,2025-08-11
PO1140,V18,ITEM783,69,306.89,2025-05-19,2025-06-30
PO1141,V82,ITEM458,141,87.41,2025-06-29,2025-08-11
PO1142,V49,ITEM724,190,132.23,2025-06-15,2025-07-13
PO1143,V93,ITEM398,111,74.82,2025-06-14,2025-07-06
PO1144,V18,ITEM391,51,495.95,2025-06-10,2025-08-06
PO1145,V97,ITEM728,117,490.74,2025-06-11,2025-07-01
PO1146,V90,ITEM292,82,289.74,2025-06-18,2025-07-13
PO1147,V23,ITEM134,83,316.87,2025-06-28,2025-07-28
PO1148,V64,ITEM341,85,398.74,2025-05-26,2025-07-16
PO1149,V48,ITEM209,118,232.34,2025-07-01,2025-07-13
PO1150,V96,ITEM317,65,182.72,2025-07-08,2025-08-12
PO1151,V51,ITEM514,58,193.07,2025-06-28,2025-07-09
PO1152,V70,ITEM159,171,249.8,2025-07-04,2025-08-02
PO1153,V15,ITEM522,172,397.12,2025-07-17,2025-07-17
PO1154,V24,ITEM429,191,356.58,2025-06-07,2025-08-09
PO1155,V7,ITEM525,72,250.22,2025-06-29,2025-07-17
PO1156,V85,ITEM735,79,184.24,2025-06-07,2025-06-30
PO1157,V64,ITEM934,198,469.86,2025-06-27,2025-07-16
PO1158,V55,ITEM821,119,293.11,2025-06-14,2025-08-01
PO1159,V8,ITEM271,120,226.45,2025-06-21,2025-07-09
PO1160,V20,ITEM829,70,148.63,2025-06-24,2025-07-07
PO1161,V7,ITEM538,74,70.6,2025-07-05,2025-07-22
PO1162,V92,ITEM415,118,119.08,2025-05-31,2025-07-06
PO1163,V97,ITEM941,127,52.95,2025-07-12,2025-08-05
PO1164,V96,ITEM496,131,62.51,2025-05-23,2025-06-07
PO1165,V10,ITEM727,109,135.47,2025-06-28,2025-07-09
PO1166,V82,ITEM492,59,153.09,2025-05-21,2025-06-08
PO1167,V16,ITEM599,164,344.92,2025-06-02,2025-07-30
PO1168,V60,ITEM277,96,209.11,2025-06-02,2025-06-12
PO1169,V75,ITEM136,138,442.61,2025-05-28,2025-06-28
PO1170,V63,ITEM957,195,101.44,2025-06-14,2025-07-18
PO1171,V53,ITEM239,54,449.79,2025-06-30,2025-08-16
PO1172,V5,ITEM839,68,263.42,2025-06-23,2025-07-03
PO1173,V29,ITEM806,66,445.85,2025-05-29,2025-06-16
PO1174,V55,ITEM387,104,90.01,2025-07-08,2025-08-12
PO1175,V42,ITEM676,168,418.12,2025-07-16,2025-08-10
PO1176,V70,ITEM438,167,129.06,2025-07-08,2025-08-03
PO1177,V28,ITEM232,177,374.1,2025-05-20,2025-07-23
PO1178,V9,ITEM406,100,348.3,2025-07-17,2025-08-03
PO1179,V74,ITEM619,192,323.31,2025-05-26,2025-07-01
PO1180,V9,ITEM329,54,203.34,2025-07-07,2025-07-27
PO1181,V82,ITEM579,177,384.28,2025-05-20,2025-05-27
PO1182,V14,ITEM550,145,480.13,2025-05-29,2025-06-19
PO1183,V4,ITEM334,145,181.61,2025-06-21,2025-07-22
PO1184,V66,ITEM455,189,332.86,2025-06-17,2025-06-20
PO1185,V51,ITEM828,109,71.38,2025-06-04,2025-07-10
PO1186,V98,ITEM147,55,433.91,2025-07-08,2025-07-27
PO1187,V25,ITEM592,98,197.52,2025-05-19,2025-07-09
PO1188,V58,ITEM620,84,199.56,2025-06-14,2025-08-12
PO1189,V15,ITEM869,90,293.03,2025-06-29,2025-07-19
PO1190,V74,ITEM845,165,381.15,2025-07-13,2025-07-28
PO1191,V32,ITEM839,166,171.05,2025-06-20,2025-08-10
PO1192,V92,ITEM456,140,258.69,2025-05-23,2025-06-11
PO1193,V81,ITEM415,151,125.41,2025-06-19,2025-07-13
PO1194,V24,ITEM702,96,134.89,2025-05-28,2025-06-05
PO1195,V33,ITEM132,76,218.4,2025-07-05,2025-07-18
PO1196,V64,ITEM751,68,418.37,2025-06-20,2025-08-02
PO1197,V78,ITEM176,85,252.91,2025-07-12,2025-07-28
PO1198,V12,ITEM375,76,378.04,2025-06-26,2025-07-21
PO1199,V39,ITEM202,126,384.11,2025-06-17,2025-07-21
PO1200,V82,ITEM996,123,305.18,2025-07-17,2025-07-27
PO1201,V56,ITEM607,133,261.19,2025-06-18,2025-07-15
PO1202,V82,ITEM531,138,69.18,2025-06-27,2025-07-09
PO1203,V40,ITEM872,124,135.01,2025-07-12,2025-08-03
PO1204,V15,ITEM867,50,124.55,2025-05-27,2025-08-16
PO1205,V72,ITEM592,160,177.12,2025-05-26,2025-08-12
PO1206,V16,ITEM453,50,459.34,2025-06-20,2025-08-10
PO1207,V40,ITEM333,135,110.85,2025-06-19,2025-07-06
PO1208,V54,ITEM414,56,137.73,2025-05-21,2025-07-09
PO1209,V1,ITEM214,72,336.56,2025-06-03,2025-07-08
PO1210,V85,ITEM458,91,349.12,2025-07-14,2025-08-09
PO1211,V64,ITEM184,157,442.52,2025-06-14,2025-08-09
PO1212,V6,ITEM629,163,103.39,2025-06-26,2025-07-16
PO1213,V92,ITEM650,197,497.08,2025-06-15,2025-07-14
PO1214,V86,ITEM392,85,361.41,2025-06-04,2025-07-06
PO1215,V92,ITEM572,67,263.66,2025-06-23,2025-07-18
PO1216,V94,ITEM424,171,347.14,2025-07-07,2025-07-16
PO1217,V70,ITEM943,60,402.81,2025-06-10,2025-07-13
PO1218,V56,ITEM575,188,442.04,2025-05-29,2025-07-28
PO1219,V66,ITEM768,78,229.0,2025-06-29,2025-08-15
PO1220,V61,ITEM394,135,280.16,2025-05-23,2025-07-21
PO1221,V15,ITEM984,139,440.51,2025-07-17,2025-08-14
PO1222,V99,ITEM861,127,334.54,2025-06-07,2025-08-15
PO1223,V1,ITEM488,179,197.21,2025-06-26,2025-07-24
PO1224,V46,ITEM765,64,399.92,2025-05-30,2025-06-03
PO1225,V34,ITEM855,100,366.36,2025-06-06,2025-08-02
PO1226,V58,ITEM214,122,450.75,2025-07-12,2025-08-04
PO1227,V69,ITEM969,110,190.42,2025-05-20,2025-08-14
PO1228,V84,ITEM918,62,314.45,2025-07-05,2025-07-30
PO1229,V51,ITEM239,52,73.29,2025-05-26,2025-07-09
PO1230,V42,ITEM521,103,409.97,2025-05-22,2025-07-27
PO1231,V35,ITEM539,116,344.83,2025-06-01,2025-06-08
PO1232,V61,ITEM652,69,458.88,2025-07-16,2025-07-23
PO1233,V41,ITEM218,191,243.54,2025-06-04,2025-08-12
PO1234,V67,ITEM205,159,280.79,2025-06-30,2025-08-12
PO1235,V21,ITEM488,52,138.33,2025-05-31,2025-07-07
PO1236,V37,ITEM970,180,118.4,2025-06-11,2025-08-02
PO1237,V93,ITEM151,173,91.41,2025-06-08,2025-06-12
PO1238,V66,ITEM401,151,422.84,2025-06-04,2025-06-25
PO1239,V89,ITEM437,169,406.67,2025-07-06,2025-07-27
PO1240,V93,ITEM225,90,87.07,2025-06-25,2025-07-03
PO1241,V70,ITEM235,115,178.14,2025-06-29,2025-07-13
PO1242,V18,ITEM415,184,286.45,2025-06-08,2025-07-28
PO1243,V37,ITEM237,159,405.56,2025-07-08,2025-08-14
PO1244,V53,ITEM870,82,150.85,2025-06-04,2025-08-14
PO1245,V65,ITEM308,161,116.12,2025-06-03,2025-06-26
PO1246,V80,ITEM652,65,499.78,2025-06-30,2025-07-05
PO1247,V83,ITEM611,183,115.03,2025-06-02,2025-08-01
PO1248,V64,ITEM395,148,431.3,2025-05-21,2025-08-01
PO1249,V66,ITEM668,69,383.21,2025-05-30,2025-08-08
PO1250,V12,ITEM213,130,91.81,2025-06-02,2025-06-30
PO1251,V12,ITEM582,106,173.07,2025-06-16,2025-07-09
PO1252,V47,ITEM473,109,135.59,2025-06-24,2025-07-22
PO1253,V40,ITEM686,102,236.91,2025-05-27,2025-08-13
PO1254,V96,ITEM687,66,394.7,2025-05-31,2025-07-31
PO1255,V71,ITEM476,58,149.64,2025-06-02,2025-07-13
PO1256,V20,ITEM827,104,235.45,2025-06-28,2025-07-18
PO1257,V50,ITEM241,152,250.15,2025-06-18,2025-08-02
PO1258,V27,ITEM753,74,391.21,2025-06-27,2025-07-25
PO1259,V12,ITEM143,124,253.3,2025-06-21,2025-07-10
PO1260,V4,ITEM245,196,123.74,2025-07-02,2025-07-06
PO1261,V77,ITEM380,137,239.02,2025-06-17,2025-06-23
PO1262,V22,ITEM950,126,442.06,2025-07-11,2025-07-14
PO1263,V29,ITEM397,126,156.11,2025-06-25,2025-07-23
PO1264,V84,ITEM852,179,323.52,2025-05-27,2025-08-02
PO1265,V32,ITEM132,133,208.7,2025-06-04,2025-07-10
PO1266,V20,ITEM482,100,344.86,2025-06-28,2025-07-06
PO1267,V14,ITEM963,169,227.69,2025-07-02,2025-07-08
PO1268,V32,ITEM671,61,285.16,2025-06-10,2025-06-29
PO1269,V92,ITEM215,133,78.07,2025-05-24,2025-06-19
PO1270,V2,ITEM499,141,462.13,2025-05-24,2025-06-16
PO1271,V65,ITEM757,88,338.15,2025-07-13,2025-08-14
PO1272,V92,ITEM926,172,54.71,2025-05-28,2025-07-04
PO1273,V29,ITEM520,138,231.96,2025-06-03,2025-06-22
PO1274,V23,ITEM737,125,377.26,2025-06-23,2025-07-19
PO1275,V94,ITEM776,104,191.79,2025-06-04,2025-06-18
PO1276,V35,ITEM525,137,230.74,2025-07-09,2025-07-16
PO1277,V2,ITEM379,175,231.87,2025-05-25,2025-06-05
PO1278,V73,ITEM577,158,424.84,2025-06-22,2025-07-09
PO1279,V96,ITEM745,166,470.87,2025-07-15,2025-07-16
PO1280,V66,ITEM635,100,493.6,2025-05-30,2025-08-13
PO1281,V85,ITEM369,80,341.31,2025-07-07,2025-07-08
PO1282,V73,ITEM512,51,144.44,2025-06-05,2025-08-14
PO1283,V47,ITEM864,78,452.54,2025-06-19,2025-07-18
PO1284,V2,ITEM817,116,146.14,2025-05-23,2025-06-29
PO1285,V43,ITEM191,193,108.7,2025-06-21,2025-06-25
PO1286,V8,ITEM519,172,323.83,2025-06-10,2025-07-11
PO1287,V25,ITEM955,104,82.59,2025-06-01,2025-07-10
PO1288,V92,ITEM332,112,390.0,2025-05-24,2025-08-05
PO1289,V91,ITEM529,63,387.59,2025-07-11,2025-08-16
PO1290,V35,ITEM901,124,156.56,2025-05-24,2025-05-26
PO1291,V41,ITEM364,191,401.09,2025-05-22,2025-05-25
PO1292,V90,ITEM936,128,271.36,2025-06-16,2025-06-26
PO1293,V6,ITEM535,189,60.25,2025-06-06,2025-06-16
PO1294,V82,ITEM464,161,318.81,2025-06-12,2025-06-22
PO1295,V73,ITEM272,137,321.59,2025-07-07,2025-08-11
PO1296,V75,ITEM968,94,142.89,2025-07-16,2025-07-25
PO1297,V73,ITEM849,72,271.31,2025-07-02,2025-07-21
PO1298,V97,ITEM216,59,54.53,2025-06-02,2025-07-06
PO1299,V93,ITEM271,193,339.86,2025-05-29,2025-08-01
PO1300,V89,ITEM488,68,155.68,2025-07-15,2025-07-22
PO1301,V29,ITEM423,145,143.69,2025-06-24,2025-07-28
PO1302,V8,ITEM706,55,185.32,2025-07-03,2025-07-19
PO1303,V68,ITEM114,155,234.3,2025-05-20,2025-08-02
PO1304,V53,ITEM229,174,320.92,2025-06-14,2025-08-12
PO1305,V70,ITEM931,124,472.03,2025-06-27,2025-08-09
PO1306,V59,ITEM684,122,191.58,2025-05-24,2025-06-22
PO1307,V39,ITEM156,76,278.34,2025-06-19,2025-07-21
PO1308,V13,ITEM630,130,237.84,2025-06-03,2025-07-16
PO1309,V38,ITEM876,173,244.23,2025-07-14,2025-08-04
PO1310,V15,ITEM783,194,180.9,2025-05-23,2025-08-08
PO1311,V71,ITEM137,112,389.63,2025-05-20,2025-06-28
PO1312,V34,ITEM990,158,398.38,2025-06-03,2025-08-05
PO1313,V56,ITEM354,120,308.7,2025-07-01,2025-07-12
PO1314,V87,ITEM919,149,63.6,2025-05-19,2025-08-14
PO1315,V66,ITEM540,126,216.94,2025-07-05,2025-07-22
PO1316,V35,ITEM672,110,229.37,2025-06-04,2025-07-16
PO1317,V58,ITEM957,183,325.8,2025-07-15,2025-07-20
PO1318,V94,ITEM478,88,152.01,2025-06-22,2025-07-20
PO1319,V16,ITEM733,132,484.28,2025-06-09,2025-07-27
PO1320,V90,ITEM831,149,293.1,2025-05-22,2025-08-16
PO1321,V8,ITEM721,155,415.73,2025-06-27,2025-07-10
PO1322,V34,ITEM865,93,261.34,2025-05-27,2025-08-16
PO1323,V31,ITEM928,139,355.08,2025-06-18,2025-07-31
PO1324,V65,ITEM832,91,339.73,2025-06-30,2025-07-27
PO1325,V82,ITEM819,53,67.01,2025-07-11,2025-07-25
PO1326,V82,ITEM559,64,251.82,2025-07-16,2025-08-02
PO1327,V31,ITEM356,83,471.4,2025-05-26,2025-06-23
PO1328,V55,ITEM447,179,295.73,2025-06-21,2025-07-02
PO1329,V48,ITEM166,173,419.75,2025-07-11,2025-08-02
PO1330,V92,ITEM504,97,177.13,2025-06-12,2025-08-11
PO1331,V82,ITEM840,195,109.37,2025-07-11,2025-07-29
PO1332,V2,ITEM271,147,145.32,2025-06-08,2025-07-30
PO1333,V90,ITEM597,76,239.56,2025-06-24,2025-07-02
PO1334,V18,ITEM859,87,386.5,2025-07-07,2025-07-26
PO1335,V33,ITEM130,134,489.9,2025-05-23,2025-08-15
PO1336,V75,ITEM308,85,286.73,2025-06-24,2025-07-30
PO1337,V4,ITEM376,176,288.76,2025-06-05,2025-08-07
PO1338,V50,ITEM337,117,227.39,2025-06-24,2025-07-12
PO1339,V11,ITEM699,69,400.91,2025-06-26,2025-07-13
PO1340,V13,ITEM942,68,295.41,2025-07-17,2025-07-27
PO1341,V54,ITEM933,185,395.25,2025-05-27,2025-06-27
PO1342,V50,ITEM324,93,441.15,2025-07-17,2025-07-24
PO1343,V79,ITEM573,145,197.56,2025-06-07,2025-08-13
PO1344,V45,ITEM620,119,415.76,2025-06-12,2025-08-09
PO1345,V56,ITEM926,57,258.73,2025-05-25,2025-06-29
PO1346,V14,ITEM947,50,115.55,2025-07-05,2025-07-05
PO1347,V20,ITEM977,106,374.81,2025-06-03,2025-07-21
PO1348,V20,ITEM689,60,163.44,2025-06-13,2025-07-10
PO1349,V5,ITEM414,113,151.52,2025-06-27,2025-06-27
PO1350,V69,ITEM739,55,485.92,2025-06-27,2025-08-06
PO1351,V88,ITEM176,55,51.89,2025-06-22,2025-08-12
PO1352,V18,ITEM519,169,309.81,2025-06-01,2025-06-20
PO1353,V6,ITEM615,102,159.5,2025-05-28,2025-07-13
PO1354,V5,ITEM622,85,134.44,2025-05-25,2025-06-15
PO1355,V80,ITEM599,172,312.9,2025-07-03,2025-07-03
PO1356,V18,ITEM931,145,434.99,2025-07-09,2025-07-11
PO1357,V54,ITEM855,137,50.95,2025-06-14,2025-07-18
PO1358,V29,ITEM341,74,409.18,2025-06-25,2025-07-30
PO1359,V16,ITEM484,164,166.94,2025-05-30,2025-06-09
PO1360,V23,ITEM527,129,101.93,2025-06-13,2025-08-10
PO1361,V75,ITEM362,136,346.64,2025-05-26,2025-07-30
PO1362,V99,ITEM572,97,123.96,2025-07-09,2025-08-09
PO1363,V65,ITEM346,60,132.72,2025-06-05,2025-07-22
PO1364,V27,ITEM461,110,305.49,2025-05-27,2025-08-07
PO1365,V79,ITEM520,81,384.75,2025-07-07,2025-07-30
PO1366,V47,ITEM888,77,277.16,2025-06-16,2025-07-02
PO1367,V60,ITEM202,134,287.25,2025-07-13,2025-07-22
PO1368,V56,ITEM245,125,113.24,2025-06-10,2025-06-12
PO1369,V86,ITEM766,107,72.21,2025-05-22,2025-07-07
PO1370,V51,ITEM913,138,483.95,2025-05-23,2025-08-13
PO1371,V5,ITEM348,187,353.22,2025-06-10,2025-08-08
PO1372,V90,ITEM936,85,203.93,2025-06-23,2025-07-19
PO1373,V87,ITEM343,156,224.63,2025-05-27,2025-06-22
PO1374,V30,ITEM750,83,284.76,2025-06-12,2025-06-19
PO1375,V8,ITEM312,166,209.27,2025-06-06,2025-07-19
PO1376,V79,ITEM643,156,139.22,2025-07-06,2025-08-07
PO1377,V55,ITEM517,59,447.81,2025-05-21,2025-07-29
PO1378,V93,ITEM607,177,105.42,2025-07-14,2025-07-28
PO1379,V33,ITEM209,104,261.38,2025-06-15,2025-07-27
PO1380,V62,ITEM216,102,355.57,2025-07-12,2025-08-04
PO1381,V45,ITEM888,86,94.16,2025-06-23,2025-07-15
PO1382,V33,ITEM317,189,126.22,2025-06-25,2025-07-16
PO1383,V4,ITEM575,158,205.83,2025-06-23,2025-07-14
PO1384,V7,ITEM831,108,180.72,2025-06-21,2025-06-30
PO1385,V91,ITEM839,156,160.97,2025-06-02,2025-08-04
PO1386,V47,ITEM543,184,197.69,2025-05-26,2025-08-08
PO1387,V53,ITEM515,66,206.36,2025-05-30,2025-07-13
PO1388,V6,ITEM373,177,402.35,2025-06-06,2025-07-06
PO1389,V56,ITEM323,98,83.83,2025-07-06,2025-07-07
PO1390,V29,ITEM915,144,433.55,2025-06-12,2025-07-04
PO1391,V90,ITEM194,175,230.82,2025-07-11,2025-07-20
PO1392,V57,ITEM374,139,171.18,2025-06-26,2025-07-09
PO1393,V76,ITEM107,154,260.8,2025-05-26,2025-06-24
PO1394,V71,ITEM984,90,360.48,2025-06-06,2025-07-11
PO1395,V25,ITEM540,192,401.7,2025-06-21,2025-07-06
PO1396,V92,ITEM971,141,298.59,2025-05-23,2025-06-23
PO1397,V89,ITEM200,181,425.06,2025-05-21,2025-07-18
PO1398,V80,ITEM453,91,128.41,2025-06-26,2025-07-03
PO1399,V98,ITEM745,82,380.18,2025-07-03,2025-07-03
PO1400,V72,ITEM974,73,203.23,2025-05-19,2025-06-27
PO1401,V14,ITEM258,177,326.85,2025-06-02,2025-07-04
PO1402,V21,ITEM185,174,407.48,2025-06-26,2025-07-14
PO1403,V85,ITEM377,174,172.12,2025-06-18,2025-06-18
PO1404,V40,ITEM970,86,216.23,2025-05-26,2025-08-15
PO1405,V95,ITEM591,82,455.24,2025-05-22,2025-07-04
PO1406,V19,ITEM595,92,414.94,2025-05-24,2025-07-28
PO1407,V74,ITEM336,96,398.46,2025-06-07,2025-07-16
PO1408,V73,ITEM764,87,218.61,2025-06-04,2025-08-15
PO1409,V10,ITEM125,96,179.22,2025-05-21,2025-08-06
PO1410,V29,ITEM438,73,410.92,2025-06-15,2025-06-20
PO1411,V73,ITEM421,171,142.08,2025-07-13,2025-08-10
PO1412,V64,ITEM857,113,183.44,2025-06-03,2025-08-13
PO1413,V76,ITEM875,158,270.57,2025-06-12,2025-07-31
PO1414,V84,ITEM153,160,383.88,2025-06-20,2025-08-11
PO1415,V92,ITEM249,56,416.59,2025-06-07,2025-06-26
PO1416,V79,ITEM429,87,120.77,2025-07-01,2025-07-30
PO1417,V18,ITEM269,151,363.93,2025-06-30,2025-07-20
PO1418,V60,ITEM308,165,374.51,2025-07-14,2025-07-19
PO1419,V40,ITEM442,75,495.08,2025-05-24,2025-07-28
PO1420,V15,ITEM896,91,483.62,2025-07-11,2025-07-18
PO1421,V17,ITEM608,171,295.83,2025-05-21,2025-07-09
PO1422,V15,ITEM152,153,146.42,2025-05-24,2025-06-07
PO1423,V49,ITEM413,166,348.83,2025-07-15,2025-08-05
PO1424,V78,ITEM154,144,390.5,2025-05-29,2025-06-11
PO1425,V10,ITEM122,127,267.5,2025-05-27,2025-07-02
PO1426,V47,ITEM881,106,52.34,2025-06-08,2025-06-12
PO1427,V95,ITEM699,169,376.05,2025-07-03,2025-07-15
PO1428,V4,ITEM106,99,386.01,2025-05-22,2025-06-28
PO1429,V39,ITEM743,73,106.61,2025-07-08,2025-07-17
PO1430,V16,ITEM206,189,453.24,2025-06-28,2025-07-18
PO1431,V70,ITEM792,172,153.86,2025-06-18,2025-08-11
PO1432,V72,ITEM256,200,303.81,2025-07-06,2025-08-04
PO1433,V55,ITEM547,70,100.08,2025-06-02,2025-07-05
PO1434,V55,ITEM725,110,140.14,2025-06-04,2025-07-11
PO1435,V16,ITEM879,86,437.97,2025-06-27,2025-07-27
PO1436,V8,ITEM587,64,365.73,2025-06-18,2025-08-07
PO1437,V78,ITEM987,125,436.13,2025-06-01,2025-08-06
PO1438,V33,ITEM968,68,249.94,2025-07-03,2025-08-07
PO1439,V69,ITEM365,140,60.63,2025-06-05,2025-06-22
PO1440,V42,ITEM572,78,101.47,2025-06-12,2025-08-13
PO1441,V90,ITEM554,134,268.6,2025-05-30,2025-07-08
PO1442,V8,ITEM644,121,63.65,2025-06-30,2025-07-13
PO1443,V32,ITEM366,75,72.76,2025-06-11,2025-08-05
PO1444,V72,ITEM636,149,468.19,2025-06-22,2025-08-14
PO1445,V6,ITEM603,198,478.45,2025-07-12,2025-07-26
PO1446,V27,ITEM123,84,142.45,2025-05-22,2025-06-22
PO1447,V74,ITEM715,123,310.07,2025-06-06,2025-06-26
PO1448,V29,ITEM131,112,425.18,2025-07-17,2025-08-07
PO1449,V34,ITEM964,65,494.48,2025-05-27,2025-06-02
PO1450,V11,ITEM478,175,267.66,2025-05-26,2025-07-12
PO1451,V58,ITEM141,57,255.77,2025-06-18,2025-07-13
PO1452,V27,ITEM205,125,188.69,2025-05-28,2025-07-08
PO1453,V77,ITEM967,145,294.82,2025-06-29,2025-08-05
PO1454,V71,ITEM899,175,317.9,2025-06-28,2025-07-21
PO1455,V39,ITEM921,68,392.88,2025-06-16,2025-07-04
PO1456,V32,ITEM706,111,346.57,2025-07-12,2025-07-22
PO1457,V37,ITEM395,169,364.93,2025-06-02,2025-08-03
PO1458,V98,ITEM125,50,468.42,2025-07-08,2025-08-15
PO1459,V98,ITEM444,116,468.84,2025-07-08,2025-07-23
PO1460,V80,ITEM466,54,349.85,2025-05-29,2025-07-20
PO1461,V23,ITEM645,149,178.48,2025-06-10,2025-08-10
PO1462,V74,ITEM348,107,324.53,2025-05-23,2025-07-28
PO1463,V77,ITEM850,68,449.76,2025-05-22,2025-07-16
PO1464,V25,ITEM902,53,416.28,2025-07-11,2025-07-11
PO1465,V70,ITEM590,189,189.32,2025-06-27,2025-08-06
PO1466,V57,ITEM808,119,399.67,2025-07-08,2025-08-09
PO1467,V87,ITEM982,70,62.32,2025-07-03,2025-08-16
PO1468,V33,ITEM105,118,483.58,2025-06-19,2025-06-24
PO1469,V28,ITEM416,199,106.92,2025-05-30,2025-06-25
PO1470,V16,ITEM537,57,308.2,2025-06-04,2025-07-19
PO1471,V42,ITEM459,78,306.54,2025-06-09,2025-08-10
PO1472,V81,ITEM833,146,245.04,2025-06-28,2025-07-20
PO1473,V99,ITEM210,144,248.93,2025-06-10,2025-06-20
PO1474,V52,ITEM994,65,418.71,2025-06-23,2025-06-30
PO1475,V99,ITEM930,148,227.86,2025-07-10,2025-07-13
PO1476,V74,ITEM222,137,480.4,2025-05-22,2025-07-21
PO1477,V84,ITEM303,88,456.28,2025-06-06,2025-06-19
PO1478,V45,ITEM619,157,449.96,2025-07-10,2025-08-06
PO1479,V56,ITEM793,196,140.68,2025-05-29,2025-06-22
PO1480,V45,ITEM175,141,185.68,2025-05-31,2025-08-02
PO1481,V73,ITEM651,116,324.54,2025-06-27,2025-07-14
PO1482,V51,ITEM362,130,221.85,2025-06-23,2025-07-13
PO1483,V8,ITEM878,107,195.91,2025-06-01,2025-06-09
PO1484,V33,ITEM422,126,210.85,2025-06-26,2025-07-28
PO1485,V51,ITEM200,178,328.11,2025-07-13,2025-07-20
PO1486,V33,ITEM421,197,448.21,2025-06-09,2025-07-13
PO1487,V95,ITEM530,63,51.3,2025-05-23,2025-06-13
PO1488,V38,ITEM422,115,251.89,2025-06-06,2025-07-25
PO1489,V77,ITEM802,77,322.11,2025-07-03,2025-07-08
PO1490,V80,ITEM739,69,251.53,2025-06-21,2025-08-05
PO1491,V6,ITEM452,192,433.93,2025-05-20,2025-08-12
PO1492,V22,ITEM176,161,151.85,2025-07-08,2025-07-19
PO1493,V90,ITEM822,169,119.0,2025-07-06,2025-07-26
PO1494,V35,ITEM950,95,290.93,2025-07-16,2025-07-19
PO1495,V67,ITEM564,91,442.61,2025-07-16,2025-07-21
PO1496,V43,ITEM119,117,253.73,2025-07-04,2025-07-05
PO1497,V28,ITEM586,94,445.3,2025-07-06,2025-07-14
PO1498,V54,ITEM229,162,423.15,2025-06-19,2025-06-20
PO1499,V5,ITEM599,156,113.97,2025-06-18,2025-08-06
PO1500,V19,ITEM675,190,408.08,2025-06-27,2025-07-05
PO1501,V35,ITEM571,102,193.33,2025-06-08,2025-07-19
PO1502,V10,ITEM358,118,232.34,2025-06-29,2025-07-31
PO1503,V83,ITEM174,113,298.96,2025-06-28,2025-06-28
PO1504,V74,ITEM438,61,314.12,2025-07-12,2025-07-21
PO1505,V40,ITEM568,148,221.11,2025-07-02,2025-07-09
PO1506,V26,ITEM878,184,402.08,2025-05-20,2025-07-05
PO1507,V66,ITEM307,186,73.35,2025-07-11,2025-07-11
PO1508,V48,ITEM956,172,116.92,2025-06-30,2025-08-14
PO1509,V20,ITEM185,61,345.01,2025-05-30,2025-07-12
PO1510,V16,ITEM736,171,175.62,2025-06-28,2025-07-05
PO1511,V49,ITEM126,150,109.97,2025-06-22,2025-07-06
PO1512,V70,ITEM309,197,223.0,2025-06-29,2025-07-17
PO1513,V18,ITEM221,59,424.29,2025-05-25,2025-06-29
PO1514,V92,ITEM143,107,418.53,2025-06-11,2025-08-16
PO1515,V82,ITEM551,188,113.37,2025-05-30,2025-07-29
PO1516,V51,ITEM500,120,363.73,2025-05-20,2025-05-27
PO1517,V23,ITEM817,81,360.31,2025-06-23,2025-06-24
PO1518,V98,ITEM246,171,316.55,2025-07-03,2025-07-12
PO1519,V56,ITEM121,197,487.98,2025-06-22,2025-07-27
PO1520,V35,ITEM631,78,66.03,2025-06-14,2025-07-11
PO1521,V36,ITEM525,175,350.23,2025-06-14,2025-06-24
PO1522,V19,ITEM885,181,61.32,2025-06-20,2025-08-06
PO1523,V81,ITEM177,77,247.63,2025-05-27,2025-08-13
PO1524,V77,ITEM657,90,323.25,2025-06-04,2025-07-07
PO1525,V91,ITEM844,184,148.45,2025-06-18,2025-08-13
PO1526,V66,ITEM902,173,242.07,2025-06-26,2025-07-01
PO1527,V72,ITEM300,59,247.14,2025-06-25,2025-08-13
PO1528,V23,ITEM684,71,86.89,2025-05-29,2025-07-08
PO1529,V98,ITEM449,109,172.18,2025-05-21,2025-06-28
PO1530,V13,ITEM152,91,205.34,2025-07-02,2025-07-14
PO1531,V29,ITEM474,162,317.56,2025-06-30,2025-08-15
PO1532,V96,ITEM607,163,260.24,2025-07-04,2025-07-23
PO1533,V72,ITEM995,67,145.95,2025-07-09,2025-07-25
PO1534,V46,ITEM111,99,454.41,2025-06-20,2025-07-24
PO1535,V10,ITEM227,190,287.16,2025-07-09,2025-08-05
PO1536,V27,ITEM914,85,416.07,2025-06-26,2025-07-01
PO1537,V88,ITEM144,102,68.79,2025-06-01,2025-07-07
PO1538,V69,ITEM955,101,130.53,2025-06-05,2025-08-12
PO1539,V85,ITEM687,116,80.85,2025-07-03,2025-07-13
PO1540,V86,ITEM815,71,313.96,2025-05-22,2025-07-23
PO1541,V7,ITEM989,198,378.01,2025-06-06,2025-07-22
PO1542,V44,ITEM496,181,269.04,2025-06-05,2025-06-28
PO1543,V9,ITEM515,76,196.02,2025-06-17,2025-07-04
PO1544,V89,ITEM391,189,421.25,2025-06-06,2025-06-30
PO1545,V37,ITEM208,78,288.87,2025-06-03,2025-06-07
PO1546,V66,ITEM614,117,385.38,2025-06-25,2025-08-06
PO1547,V24,ITEM565,74,121.4,2025-05-25,2025-07-02
PO1548,V43,ITEM857,159,388.23,2025-05-20,2025-07-12
PO1549,V36,ITEM989,156,82.05,2025-06-22,2025-07-28
PO1550,V29,ITEM930,54,273.6,2025-07-16,2025-08-14
PO1551,V6,ITEM361,188,492.39,2025-06-29,2025-07-30
PO1552,V62,ITEM256,146,304.71,2025-06-13,2025-07-06
PO1553,V40,ITEM705,97,125.07,2025-07-10,2025-08-11
PO1554,V6,ITEM945,99,299.02,2025-05-19,2025-06-28
PO1555,V97,ITEM371,105,239.69,2025-06-15,2025-07-19
PO1556,V9,ITEM951,69,291.85,2025-07-13,2025-07-27
PO1557,V45,ITEM935,84,211.13,2025-06-14,2025-07-01
PO1558,V61,ITEM748,65,468.89,2025-06-22,2025-08-12
PO1559,V26,ITEM751,164,50.58,2025-06-04,2025-08-08
PO1560,V78,ITEM624,100,173.31,2025-06-16,2025-08-06
PO1561,V76,ITEM741,143,106.51,2025-06-10,2025-07-02
PO1562,V75,ITEM585,91,297.55,2025-07-03,2025-07-16
PO1563,V22,ITEM423,181,153.98,2025-06-30,2025-08-15
PO1564,V40,ITEM416,60,281.15,2025-06-24,2025-06-27
PO1565,V87,ITEM610,166,359.34,2025-06-03,2025-06-15
PO1566,V81,ITEM402,162,362.61,2025-06-25,2025-07-30
PO1567,V41,ITEM984,197,355.16,2025-06-09,2025-06-11
PO1568,V22,ITEM467,73,65.2,2025-06-26,2025-08-04
PO1569,V60,ITEM218,122,229.86,2025-07-14,2025-08-15
PO1570,V44,ITEM393,59,462.19,2025-06-25,2025-07-06
PO1571,V95,ITEM218,110,239.68,2025-07-09,2025-08-10
PO1572,V41,ITEM797,116,386.89,2025-05-21,2025-08-03
PO1573,V99,ITEM432,195,405.28,2025-07-10,2025-07-16
PO1574,V53,ITEM850,100,198.96,2025-07-12,2025-08-06
PO1575,V66,ITEM803,57,177.51,2025-06-06,2025-07-30
PO1576,V16,ITEM820,145,198.23,2025-05-30,2025-06-23
PO1577,V47,ITEM592,141,260.73,2025-07-11,2025-08-08
PO1578,V22,ITEM414,53,446.2,2025-05-22,2025-06-06
PO1579,V51,ITEM645,128,392.33,2025-07-02,2025-07-09
PO1580,V96,ITEM144,194,446.78,2025-07-09,2025-07-19
PO1581,V34,ITEM440,77,184.09,2025-06-25,2025-07-16
PO1582,V79,ITEM931,55,188.16,2025-05-29,2025-06-29
PO1583,V4,ITEM839,106,298.45,2025-07-10,2025-07-19
PO1584,V45,ITEM408,68,120.57,2025-06-02,2025-07-11
PO1585,V74,ITEM935,82,333.36,2025-06-30,2025-07-11
PO1586,V18,ITEM462,92,224.83,2025-07-09,2025-08-13
PO1587,V12,ITEM314,50,55.63,2025-06-08,2025-06-13
PO1588,V21,ITEM245,99,341.91,2025-06-16,2025-08-11
PO1589,V89,ITEM926,79,134.49,2025-07-09,2025-07-15
PO1590,V95,ITEM700,86,115.49,2025-06-06,2025-08-05
PO1591,V91,ITEM534,188,166.41,2025-06-12,2025-06-19
PO1592,V15,ITEM575,173,142.08,2025-06-20,2025-07-11
PO1593,V31,ITEM801,130,434.18,2025-06-22,2025-07-05
PO1594,V93,ITEM629,92,81.41,2025-05-29,2025-07-17
PO1595,V51,ITEM163,117,250.45,2025-06-04,2025-07-07
PO1596,V58,ITEM222,92,237.48,2025-07-05,2025-08-09
PO1597,V17,ITEM985,156,85.01,2025-06-28,2025-08-07
PO1598,V66,ITEM116,144,413.87,2025-05-24,2025-06-27
PO1599,V71,ITEM196,79,253.64,2025-06-13,2025-07-19
PO1600,V9,ITEM658,189,462.59,2025-05-20,2025-05-23
PO1601,V99,ITEM730,189,113.23,2025-07-16,2025-07-30
PO1602,V94,ITEM577,97,442.94,2025-06-21,2025-07-08
PO1603,V97,ITEM554,84,99.4,2025-06-16,2025-06-18
PO1604,V77,ITEM463,119,478.71,2025-06-02,2025-07-14
PO1605,V82,ITEM497,98,495.71,2025-07-13,2025-07-17
PO1606,V47,ITEM326,125,387.93,2025-06-21,2025-08-04
PO1607,V28,ITEM771,192,55.69,2025-06-11,2025-07-25
PO1608,V84,ITEM340,112,397.41,2025-06-29,2025-08-15
PO1609,V86,ITEM587,70,456.35,2025-06-10,2025-07-12
PO1610,V87,ITEM507,182,299.61,2025-05-27,2025-05-29
PO1611,V20,ITEM488,174,410.26,2025-07-10,2025-07-23
PO1612,V75,ITEM537,153,433.64,2025-06-27,2025-08-14
PO1613,V28,ITEM737,86,281.82,2025-06-11,2025-06-25
PO1614,V29,ITEM867,100,270.78,2025-05-27,2025-07-21
PO1615,V90,ITEM887,87,332.47,2025-07-13,2025-07-13
PO1616,V50,ITEM435,163,318.83,2025-05-19,2025-06-18
PO1617,V91,ITEM604,145,62.0,2025-05-30,2025-08-11
PO1618,V66,ITEM549,133,149.85,2025-06-06,2025-07-05
PO1619,V66,ITEM837,85,493.16,2025-06-11,2025-06-23
PO1620,V13,ITEM183,127,298.55,2025-05-22,2025-06-01
PO1621,V40,ITEM443,143,286.96,2025-06-30,2025-07-14
PO1622,V19,ITEM755,197,372.51,2025-06-19,2025-06-28
PO1623,V70,ITEM884,176,392.23,2025-06-03,2025-06-27
PO1624,V88,ITEM427,71,221.54,2025-07-01,2025-08-09
PO1625,V56,ITEM168,173,229.39,2025-06-17,2025-08-06
PO1626,V64,ITEM672,57,341.13,2025-06-10,2025-08-14
PO1627,V34,ITEM181,53,143.99,2025-07-02,2025-07-02
PO1628,V9,ITEM864,122,82.21,2025-06-19,2025-07-27
PO1629,V71,ITEM830,126,311.29,2025-06-10,2025-08-02
PO1630,V70,ITEM822,112,385.75,2025-07-02,2025-07-27
PO1631,V98,ITEM854,68,391.45,2025-06-20,2025-07-15
PO1632,V85,ITEM379,195,320.03,2025-06-08,2025-07-27
PO1633,V68,ITEM381,138,334.09,2025-06-15,2025-07-16
PO1634,V35,ITEM891,168,390.23,2025-05-23,2025-06-10
PO1635,V27,ITEM843,129,190.78,2025-07-02,2025-08-13
PO1636,V66,ITEM964,92,462.94,2025-05-29,2025-06-04
PO1637,V86,ITEM914,176,411.91,2025-07-17,2025-08-13
PO1638,V34,ITEM894,165,409.81,2025-05-24,2025-07-28
PO1639,V98,ITEM500,102,232.31,2025-06-10,2025-06-30
PO1640,V45,ITEM129,119,189.32,2025-06-25,2025-07-30
PO1641,V28,ITEM670,188,336.45,2025-06-27,2025-07-15
PO1642,V95,ITEM474,196,265.18,2025-06-14,2025-06-27
PO1643,V54,ITEM384,199,382.17,2025-07-12,2025-07-17
PO1644,V54,ITEM472,153,180.78,2025-05-19,2025-05-20
PO1645,V89,ITEM675,110,226.81,2025-07-16,2025-07-20
PO1646,V58,ITEM231,112,160.58,2025-07-09,2025-07-12
PO1647,V69,ITEM161,190,120.27,2025-05-26,2025-08-12
PO1648,V33,ITEM687,158,104.46,2025-06-16,2025-08-01
PO1649,V70,ITEM938,72,86.54,2025-05-23,2025-06-13
PO1650,V8,ITEM674,147,131.94,2025-05-23,2025-08-08
PO1651,V4,ITEM317,74,121.43,2025-07-10,2025-07-16
PO1652,V14,ITEM214,195,317.81,2025-07-11,2025-07-31
PO1653,V65,ITEM175,177,432.67,2025-06-26,2025-08-11
PO1654,V85,ITEM656,75,449.73,2025-05-29,2025-07-26
PO1655,V39,ITEM387,150,137.13,2025-07-16,2025-08-08
PO1656,V32,ITEM397,129,439.2,2025-06-08,2025-07-20
PO1657,V76,ITEM853,172,342.05,2025-06-28,2025-07-09
PO1658,V65,ITEM388,138,397.93,2025-05-27,2025-07-06
PO1659,V34,ITEM372,109,362.29,2025-07-04,2025-08-02
PO1660,V94,ITEM779,99,374.0,2025-05-21,2025-06-04
PO1661,V93,ITEM112,60,239.25,2025-07-12,2025-08-14
PO1662,V81,ITEM544,155,327.24,2025-05-22,2025-07-13
PO1663,V5,ITEM146,143,58.11,2025-06-02,2025-08-05
PO1664,V51,ITEM206,139,294.87,2025-06-04,2025-07-24
PO1665,V45,ITEM825,174,111.38,2025-06-26,2025-07-20
PO1666,V47,ITEM389,145,205.19,2025-06-28,2025-07-16
PO1667,V96,ITEM371,197,373.43,2025-05-23,2025-08-15
PO1668,V26,ITEM924,113,341.66,2025-06-16,2025-08-05
PO1669,V98,ITEM647,121,110.79,2025-06-10,2025-08-11
PO1670,V83,ITEM396,50,144.1,2025-07-07,2025-07-22
PO1671,V83,ITEM865,73,331.19,2025-07-15,2025-08-03
PO1672,V77,ITEM178,168,416.28,2025-05-19,2025-06-01
PO1673,V12,ITEM864,80,185.64,2025-06-25,2025-07-20
PO1674,V23,ITEM565,105,115.43,2025-06-25,2025-07-30
PO1675,V82,ITEM764,87,54.98,2025-06-02,2025-06-28
PO1676,V17,ITEM401,77,262.92,2025-06-07,2025-08-02
PO1677,V90,ITEM681,186,433.42,2025-06-11,2025-07-08
PO1678,V79,ITEM147,142,415.28,2025-07-11,2025-07-13
PO1679,V43,ITEM311,149,182.15,2025-06-14,2025-06-15
PO1680,V36,ITEM116,193,366.84,2025-07-15,2025-07-17
PO1681,V52,ITEM718,123,384.54,2025-06-10,2025-06-23
PO1682,V41,ITEM161,174,272.99,2025-06-26,2025-07-20
PO1683,V71,ITEM596,150,129.78,2025-07-07,2025-08-16
PO1684,V50,ITEM262,82,254.38,2025-06-03,2025-06-27
PO1685,V58,ITEM525,200,187.06,2025-07-01,2025-07-19
PO1686,V87,ITEM804,112,199.65,2025-06-18,2025-07-05
PO1687,V36,ITEM130,62,309.29,2025-06-04,2025-07-28
PO1688,V22,ITEM307,177,214.63,2025-05-19,2025-08-07
PO1689,V46,ITEM188,163,132.19,2025-05-25,2025-06-07
PO1690,V6,ITEM820,135,153.43,2025-07-01,2025-07-30
PO1691,V1,ITEM242,164,476.0,2025-06-13,2025-06-27
PO1692,V30,ITEM119,78,273.33,2025-06-09,2025-07-23
PO1693,V40,ITEM735,55,478.3,2025-07-05,2025-08-14
PO1694,V82,ITEM224,132,238.4,2025-07-03,2025-07-21
PO1695,V29,ITEM841,132,441.28,2025-06-21,2025-07-15
PO1696,V86,ITEM331,120,226.35,2025-05-20,2025-05-20
PO1697,V97,ITEM202,153,330.91,2025-06-20,2025-07-30
PO1698,V91,ITEM670,149,106.89,2025-06-08,2025-07-01
PO1699,V74,ITEM377,54,430.49,2025-07-14,2025-07-25
PO1700,V77,ITEM504,119,318.58,2025-06-11,2025-07-21
PO1701,V97,ITEM101,103,290.63,2025-07-13,2025-07-21
PO1702,V53,ITEM845,185,76.35,2025-07-07,2025-08-02
PO1703,V53,ITEM457,98,404.93,2025-06-15,2025-07-24
PO1704,V72,ITEM291,78,368.71,2025-07-07,2025-07-23
PO1705,V79,ITEM796,125,182.28,2025-07-10,2025-08-05
PO1706,V42,ITEM113,189,358.21,2025-06-24,2025-07-14
PO1707,V8,ITEM237,79,144.23,2025-05-23,2025-06-15
PO1708,V25,ITEM327,112,371.84,2025-07-10,2025-07-28
PO1709,V48,ITEM430,96,445.58,2025-07-04,2025-08-04
PO1710,V32,ITEM999,92,261.66,2025-07-15,2025-07-25
PO1711,V28,ITEM916,186,407.17,2025-06-28,2025-08-08
PO1712,V38,ITEM568,82,215.47,2025-07-09,2025-07-31
PO1713,V28,ITEM864,137,275.14,2025-07-05,2025-07-16
PO1714,V43,ITEM421,158,285.13,2025-06-11,2025-07-21
PO1715,V61,ITEM927,155,350.8,2025-06-29,2025-08-16
PO1716,V79,ITEM493,179,393.7,2025-05-26,2025-06-17
PO1717,V27,ITEM834,191,294.74,2025-06-29,2025-08-01
PO1718,V46,ITEM809,70,437.12,2025-06-08,2025-06-10
PO1719,V27,ITEM320,194,70.47,2025-06-07,2025-06-11
PO1720,V55,ITEM324,196,354.33,2025-06-06,2025-07-03
PO1721,V63,ITEM338,91,183.32,2025-05-24,2025-06-11
PO1722,V91,ITEM790,177,349.27,2025-06-19,2025-07-30
PO1723,V82,ITEM104,86,223.1,2025-06-10,2025-07-31
PO1724,V26,ITEM872,175,250.46,2025-06-29,2025-07-07
PO1725,V33,ITEM569,99,226.98,2025-06-16,2025-06-27
PO1726,V42,ITEM149,142,95.06,2025-06-16,2025-08-01
PO1727,V29,ITEM417,184,378.72,2025-05-22,2025-08-13
PO1728,V95,ITEM878,196,132.99,2025-05-23,2025-08-14
PO1729,V88,ITEM419,137,481.73,2025-06-22,2025-07-11
PO1730,V98,ITEM769,74,190.83,2025-07-06,2025-07-26
PO1731,V56,ITEM230,124,143.78,2025-06-12,2025-06-22
PO1732,V71,ITEM357,126,467.83,2025-07-06,2025-07-31
PO1733,V39,ITEM851,191,435.29,2025-06-21,2025-06-28
PO1734,V38,ITEM982,78,454.75,2025-06-13,2025-07-30
PO1735,V48,ITEM458,160,242.21,2025-06-08,2025-08-04
PO1736,V85,ITEM642,84,442.8,2025-05-20,2025-08-02
PO1737,V58,ITEM325,154,260.98,2025-06-30,2025-07-07
PO1738,V84,ITEM884,178,393.62,2025-07-10,2025-07-23
PO1739,V91,ITEM854,66,453.64,2025-06-01,2025-08-11
PO1740,V96,ITEM821,178,235.09,2025-07-13,2025-07-27
PO1741,V65,ITEM476,183,240.73,2025-06-24,2025-07-06
PO1742,V13,ITEM540,126,162.34,2025-05-23,2025-08-06
PO1743,V18,ITEM248,121,336.51,2025-05-19,2025-07-15
PO1744,V22,ITEM562,118,366.02,2025-07-14,2025-08-06
PO1745,V39,ITEM899,125,198.07,2025-06-26,2025-07-09
PO1746,V55,ITEM272,75,327.38,2025-06-10,2025-06-25
PO1747,V42,ITEM415,70,58.61,2025-07-10,2025-08-10
PO1748,V87,ITEM779,77,232.3,2025-07-06,2025-07-25
PO1749,V57,ITEM633,110,433.87,2025-06-21,2025-08-13
PO1750,V26,ITEM112,184,326.75,2025-07-08,2025-07-10
PO1751,V33,ITEM180,112,165.28,2025-07-09,2025-07-30
PO1752,V86,ITEM877,172,169.74,2025-06-23,2025-08-16
PO1753,V92,ITEM869,63,224.66,2025-06-22,2025-08-14
PO1754,V16,ITEM385,120,485.87,2025-06-03,2025-08-02
PO1755,V60,ITEM664,116,214.13,2025-05-24,2025-07-17
PO1756,V31,ITEM533,174,136.16,2025-06-26,2025-07-28
PO1757,V59,ITEM792,70,152.65,2025-07-09,2025-07-12
PO1758,V85,ITEM954,187,236.84,2025-07-14,2025-07-19
PO1759,V97,ITEM511,63,373.75,2025-06-16,2025-07-03
PO1760,V55,ITEM486,191,202.37,2025-06-27,2025-07-22
PO1761,V18,ITEM885,85,367.27,2025-07-01,2025-07-25
PO1762,V8,ITEM161,159,415.9,2025-05-22,2025-07-04
PO1763,V49,ITEM477,149,273.45,2025-07-10,2025-08-15
PO1764,V33,ITEM719,124,408.54,2025-06-06,2025-06-25
PO1765,V35,ITEM760,58,391.85,2025-06-18,2025-08-01
PO1766,V79,ITEM826,145,435.69,2025-06-04,2025-06-12
PO1767,V76,ITEM112,64,243.08,2025-07-13,2025-08-04
PO1768,V29,ITEM305,174,310.96,2025-07-06,2025-07-21
PO1769,V27,ITEM752,57,269.2,2025-06-29,2025-07-30
PO1770,V67,ITEM180,115,184.06,2025-05-25,2025-06-05
PO1771,V10,ITEM700,198,474.83,2025-06-03,2025-06-17
PO1772,V28,ITEM129,168,72.59,2025-07-07,2025-07-21
PO1773,V26,ITEM193,55,349.87,2025-06-22,2025-07-04
PO1774,V34,ITEM223,114,496.86,2025-06-07,2025-07-28
PO1775,V97,ITEM250,131,117.7,2025-07-10,2025-07-21
PO1776,V10,ITEM509,145,348.35,2025-06-11,2025-07-05
PO1777,V77,ITEM269,111,414.99,2025-07-09,2025-07-26
PO1778,V14,ITEM388,150,56.05,2025-05-27,2025-06-05
PO1779,V69,ITEM618,138,177.25,2025-06-09,2025-07-17
PO1780,V55,ITEM631,55,262.93,2025-06-28,2025-07-06
PO1781,V29,ITEM544,126,497.92,2025-06-27,2025-07-16
PO1782,V63,ITEM307,178,189.21,2025-06-25,2025-07-17
PO1783,V60,ITEM980,124,340.63,2025-06-19,2025-07-20
PO1784,V88,ITEM346,64,215.55,2025-05-20,2025-06-01
PO1785,V12,ITEM162,130,109.02,2025-06-23,2025-07-24
PO1786,V5,ITEM244,176,142.95,2025-07-13,2025-08-13
PO1787,V93,ITEM576,132,292.0,2025-05-31,2025-07-24
PO1788,V68,ITEM512,115,221.04,2025-06-14,2025-06-30
PO1789,V39,ITEM935,120,244.07,2025-06-22,2025-06-29
PO1790,V80,ITEM544,118,211.84,2025-05-22,2025-06-22
PO1791,V2,ITEM523,56,498.92,2025-06-10,2025-08-01
PO1792,V62,ITEM186,181,345.14,2025-06-03,2025-07-27
PO1793,V20,ITEM702,190,57.26,2025-06-24,2025-08-11
PO1794,V67,ITEM577,100,350.8,2025-06-16,2025-07-08
PO1795,V22,ITEM322,185,493.81,2025-07-05,2025-07-13
PO1796,V87,ITEM704,159,459.17,2025-06-13,2025-08-15
PO1797,V20,ITEM735,147,406.51,2025-07-03,2025-08-04
PO1798,V10,ITEM255,85,131.36,2025-05-21,2025-05-23
PO1799,V95,ITEM264,184,324.02,2025-06-01,2025-08-11
PO1800,V34,ITEM896,118,134.55,2025-06-17,2025-07-25
PO1801,V41,ITEM258,108,93.57,2025-06-25,2025-08-04
PO1802,V44,ITEM397,169,317.77,2025-06-04,2025-07-08
PO1803,V36,ITEM983,192,337.19,2025-05-26,2025-08-06
PO1804,V66,ITEM781,175,478.06,2025-07-11,2025-08-12
PO1805,V71,ITEM357,97,396.08,2025-05-21,2025-05-31
PO1806,V32,ITEM511,138,168.26,2025-05-24,2025-07-14
PO1807,V60,ITEM300,66,354.18,2025-06-10,2025-07-04
