Log_ID,PO_ID,Status,Mismatch_Type,Checked_On
REC1000,PO1000,Matched,,2025-08-16
REC1001,PO1001,Matched,,2025-08-16
REC1002,PO1002,Matched,,2025-08-16
REC1003,PO1003,Matched,,2025-09-01
REC1004,PO1004,Matched,,2025-09-03
REC1005,PO1005,Matched,,2025-08-19
REC1006,PO1006,Matched,,2025-08-21
REC1007,PO1007,Matched,,2025-08-26
REC1008,PO1008,Matched,,2025-09-06
REC1009,PO1009,Matched,,2025-09-04
REC1010,PO1010,Matched,,2025-08-24
REC1011,PO1011,Matched,,2025-08-24
REC1012,PO1012,Matched,,2025-08-16
REC1013,PO1013,Matched,,2025-08-19
REC1014,PO1014,Matched,,2025-08-16
REC1015,PO1015,Matched,,2025-08-18
REC1016,PO1016,Matched,,2025-08-17
REC1017,PO1017,Matched,,2025-08-17
REC1018,PO1018,Matched,,2025-08-16
REC1019,PO1019,Matched,,2025-08-21
REC1020,PO1020,Matched,,2025-09-07
REC1021,PO1021,Matched,,2025-08-16
REC1022,PO1022,Matched,,2025-08-22
REC1023,PO1023,Matched,,2025-08-19
REC1024,PO1024,Matched,,2025-08-23
REC1025,PO1025,Matched,,2025-08-16
REC1026,PO1026,Matched,,2025-08-16
REC1027,PO1027,Matched,,2025-08-22
REC1028,PO1028,Matched,,2025-08-16
REC1029,PO1029,Matched,,2025-09-01
REC1030,PO1030,Matched,,2025-08-19
REC1031,PO1031,Matched,,2025-08-21
REC1032,PO1032,Matched,,2025-08-17
REC1033,PO1033,Matched,,2025-08-18
REC1034,PO1034,Matched,,2025-08-18
REC1035,PO1035,Matched,,2025-08-16
REC1036,PO1036,Matched,,2025-08-30
REC1037,PO1037,Matched,,2025-08-22
REC1038,PO1038,Matched,,2025-08-28
REC1039,PO1039,Matched,,2025-08-21
REC1040,PO1040,Matched,,2025-08-21
REC1041,PO1041,Matched,,2025-08-26
REC1042,PO1042,Matched,,2025-08-16
REC1043,PO1043,Matched,,2025-09-02
REC1044,PO1044,Matched,,2025-08-27
REC1045,PO1045,Matched,,2025-08-20
REC1046,PO1046,Matched,,2025-08-27
REC1047,PO1047,Matched,,2025-08-25
REC1048,PO1048,Matched,,2025-08-27
REC1049,PO1049,Matched,,2025-08-24
REC1050,PO1050,Matched,,2025-08-24
REC1051,PO1051,Matched,,2025-08-19
REC1052,PO1052,Matched,,2025-08-16
REC1053,PO1053,Matched,,2025-08-30
REC1054,PO1054,Matched,,2025-08-30
REC1055,PO1055,Matched,,2025-08-18
REC1056,PO1056,Matched,,2025-08-22
REC1057,PO1057,Matched,,2025-08-24
REC1058,PO1058,Matched,,2025-09-10
REC1059,PO1059,Matched,,2025-08-25
REC1060,PO1060,Matched,,2025-08-17
REC1061,PO1061,Matched,,2025-08-20
REC1062,PO1062,Matched,,2025-08-20
REC1063,PO1063,Matched,,2025-08-23
REC1064,PO1064,Matched,,2025-09-05
REC1065,PO1065,Matched,,2025-08-28
REC1066,PO1066,Matched,,2025-08-18
REC1067,PO1067,Matched,,2025-08-16
REC1068,PO1068,Matched,,2025-08-20
REC1069,PO1069,Matched,,2025-08-20
REC1070,PO1070,Matched,,2025-08-20
REC1071,PO1071,Matched,,2025-08-20
REC1072,PO1072,Matched,,2025-08-18
REC1073,PO1073,Matched,,2025-08-18
REC1074,PO1074,Matched,,2025-09-01
REC1075,PO1075,Matched,,2025-08-22
REC1076,PO1076,Matched,,2025-08-25
REC1077,PO1077,Matched,,2025-08-30
REC1078,PO1078,Matched,,2025-09-07
REC1079,PO1079,Matched,,2025-08-22
REC1080,PO1080,Matched,,2025-08-29
REC1081,PO1081,Matched,,2025-09-09
REC1082,PO1082,Matched,,2025-08-27
REC1083,PO1083,Matched,,2025-08-26
REC1084,PO1084,Matched,,2025-08-18
REC1085,PO1085,Matched,,2025-08-18
REC1086,PO1086,Matched,,2025-08-18
REC1087,PO1087,Matched,,2025-08-17
REC1088,PO1088,Matched,,2025-08-18
REC1089,PO1089,Matched,,2025-09-04
REC1090,PO1090,Matched,,2025-09-04
REC1091,PO1091,Matched,,2025-08-21
REC1092,PO1092,Matched,,2025-08-20
REC1093,PO1093,Matched,,2025-08-18
REC1094,PO1094,Matched,,2025-08-29
REC1095,PO1095,Matched,,2025-08-16
REC1096,PO1096,Matched,,2025-08-21
REC1097,PO1097,Matched,,2025-09-03
REC1098,PO1098,Matched,,2025-08-25
REC1099,PO1099,Matched,,2025-08-17
